[120 135 146],[126 139 150],[144 156 167],[176 187 197],[207 217 226],[224 232 238],[239 246 248],[249 255 255],[250 255 255],[251 255 255],[249 252 252],[247 248 248],[247 247 247],[250 250 249],[254 254 252],[255 254 252],[255 253 250],[255 252 249],[255 252 249],[255 252 249],[255 252 249],[255 252 249],[255 252 249],[255 252 249],[254 253 249],[254 253 250],[254 252 251],[254 252 253],[254 252 253],[253 253 253],[253 253 253],[252 253 254],[252 253 255],[252 253 255],[252 253 255],[252 253 255],[252 253 255],[252 253 255],[252 253 255],[252 253 255],[252 253 255],[252 253 255],[252 253 255],[252 253 255],[252 253 255],[252 253 255],[252 253 255],[252 253 255],[252 253 255],[252 253 255],[252 253 255],[252 253 255],[252 253 255],[252 253 255],[252 253 255],[252 253 255],[253 254 255],[253 254 255],[254 255 255],[253 254 255],[253 254 254],[253 254 255],[253 254 255],[253 254 254],[245 246 247],[237 238 240],[220 221 223],[197 198 200],[173 174 176],[157 158 160],[141 142 144],[140 141 143],[155 156 158],[170 171 173],[197 198 200],[225 226 228],[245 245 247],[249 249 250]
[120 135 146],[126 139 150],[144 155 167],[174 185 195],[204 214 223],[222 230 236],[239 246 248],[249 255 255],[251 255 255],[252 255 255],[250 252 252],[248 249 249],[247 247 247],[251 251 250],[254 254 252],[255 254 252],[255 253 250],[255 252 249],[255 252 249],[255 252 249],[255 252 249],[255 252 249],[255 252 249],[255 252 249],[254 253 249],[254 253 250],[254 252 251],[254 252 253],[254 252 253],[253 253 253],[253 253 253],[252 253 254],[252 253 255],[252 253 255],[252 253 255],[252 253 255],[252 253 255],[252 253 255],[252 253 255],[252 253 255],[252 253 255],[252 253 255],[252 253 255],[252 253 255],[252 253 255],[252 253 255],[252 253 255],[252 253 255],[252 253 255],[252 253 255],[252 253 255],[252 253 255],[252 253 255],[252 253 255],[252 253 255],[252 253 255],[252 253 255],[253 254 255],[253 254 255],[253 254 254],[251 252 254],[252 253 254],[253 254 254],[252 253 254],[244 245 246],[236 237 239],[220 221 223],[197 198 200],[174 175 177],[158 159 161],[142 143 145],[140 141 143],[156 157 159],[172 173 175],[199 200 202],[227 228 230],[247 247 249],[249 250 251]
[121 136 147],[126 139 150],[143 154 166],[171 182 192],[200 210 219],[219 228 233],[238 245 247],[249 255 255],[251 255 255],[252 255 255],[250 252 252],[248 249 249],[248 248 248],[251 251 250],[254 254 252],[255 254 252],[255 253 250],[255 252 249],[255 252 249],[255 252 249],[255 252 249],[255 252 249],[255 252 249],[255 252 249],[254 253 249],[254 253 250],[254 252 251],[254 252 253],[254 252 253],[253 253 253],[253 253 253],[252 253 254],[252 253 255],[252 253 255],[252 253 255],[252 253 255],[252 253 255],[252 253 255],[252 253 255],[252 253 255],[252 253 255],[252 253 255],[252 253 255],[252 253 255],[252 253 255],[252 253 255],[252 253 255],[252 253 255],[252 253 255],[252 253 255],[252 253 255],[252 253 255],[252 253 255],[252 253 255],[252 253 255],[252 253 255],[252 253 255],[253 254 255],[253 254 255],[252 253 254],[250 251 253],[251 252 254],[252 253 254],[252 253 254],[244 245 246],[236 237 239],[220 221 223],[197 198 200],[174 175 177],[158 159 161],[142 143 145],[141 142 144],[157 158 160],[173 174 176],[200 201 203],[229 230 232],[248 249 250],[250 251 252]
[122 137 147],[125 138 150],[141 152 164],[168 179 189],[196 206 215],[217 225 231],[237 244 246],[249 255 255],[251 255 255],[252 255 255],[250 252 252],[249 250 250],[249 249 248],[251 251 250],[254 254 252],[255 254 252],[255 253 250],[255 252 249],[255 252 249],[255 252 249],[255 252 249],[255 252 249],[255 252 249],[255 252 249],[254 253 249],[254 253 250],[254 252 251],[254 252 253],[254 252 253],[253 253 253],[253 253 253],[252 253 254],[252 253 255],[252 253 255],[252 253 255],[252 253 255],[252 253 255],[252 253 255],[252 253 255],[252 253 255],[252 253 255],[252 253 255],[252 253 255],[252 253 255],[252 253 255],[252 253 255],[252 253 255],[252 253 255],[252 253 255],[252 253 255],[252 253 255],[252 253 255],[252 253 255],[252 253 255],[252 253 255],[252 253 255],[252 253 255],[252 253 254],[251 252 254],[251 252 253],[249 250 252],[250 251 253],[251 252 254],[251 252 254],[244 245 246],[236 237 239],[220 221 223],[197 198 200],[174 175 177],[159 160 162],[143 144 146],[142 143 145],[158 159 161],[174 175 177],[202 203 205],[231 232 234],[249 250 252],[251 252 252]
[123 138 148],[124 137 149],[139 151 162],[165 176 186],[192 202 211],[214 223 228],[235 242 244],[249 255 255],[250 255 255],[252 255 255],[251 253 253],[250 251 251],[250 250 249],[252 252 251],[254 254 253],[255 254 252],[255 253 250],[255 252 249],[255 252 249],[255 252 249],[255 252 249],[255 252 249],[255 252 249],[255 252 249],[254 253 249],[254 253 250],[254 252 251],[254 252 253],[254 252 253],[253 253 253],[253 253 253],[252 253 254],[252 253 255],[252 253 255],[252 253 255],[252 253 255],[252 253 255],[252 253 255],[252 253 255],[252 253 255],[252 253 255],[252 253 255],[252 253 255],[252 253 255],[252 253 255],[252 253 255],[252 253 255],[252 253 255],[252 253 255],[252 253 255],[252 253 255],[252 253 255],[252 253 255],[252 253 255],[252 253 255],[252 253 255],[251 252 254],[250 251 253],[250 251 252],[249 250 252],[248 249 251],[249 250 252],[250 251 253],[250 251 253],[243 244 246],[236 237 239],[220 221 223],[198 199 201],[175 176 178],[160 161 163],[144 145 147],[144 145 147],[160 161 163],[176 177 179],[203 204 206],[232 233 235],[251 252 253],[252 253 253]
[123 138 149],[124 137 149],[137 149 160],[162 173 183],[187 198 207],[210 219 225],[233 240 243],[247 253 255],[249 254 255],[252 255 255],[251 253 253],[250 251 251],[250 250 250],[252 252 251],[254 253 252],[255 253 251],[255 253 250],[255 252 249],[255 252 249],[255 252 249],[255 252 249],[255 252 249],[255 252 249],[255 252 249],[254 253 249],[254 253 250],[254 252 251],[254 252 253],[254 252 253],[253 253 253],[253 253 253],[252 253 254],[252 253 255],[252 253 255],[252 253 255],[252 253 255],[252 253 255],[252 253 255],[252 253 255],[252 253 255],[252 253 255],[252 253 255],[252 253 255],[252 253 255],[252 253 255],[252 253 255],[252 253 255],[252 253 255],[252 253 255],[252 253 255],[252 253 255],[252 253 255],[252 253 255],[252 253 255],[252 253 255],[252 253 255],[251 252 254],[250 251 253],[249 250 252],[249 250 252],[248 249 251],[249 250 252],[250 251 253],[250 251 253],[243 244 246],[236 237 239],[220 221 223],[198 199 201],[175 176 178],[160 161 163],[144 145 147],[144 145 147],[160 161 163],[176 177 179],[204 205 207],[233 234 236],[251 252 254],[252 253 253]
[124 139 150],[124 137 148],[135 147 158],[159 170 180],[183 193 202],[206 215 222],[229 236 241],[245 251 254],[248 252 254],[251 254 255],[252 254 254],[251 252 252],[251 251 251],[252 252 251],[253 252 250],[254 252 250],[254 252 249],[255 252 249],[255 252 249],[255 252 249],[255 252 249],[255 252 249],[255 252 249],[255 252 249],[254 253 249],[254 253 250],[254 252 251],[254 252 253],[254 252 253],[253 253 253],[253 253 253],[252 253 254],[252 253 255],[252 253 255],[252 253 255],[252 253 255],[252 253 255],[252 253 255],[252 253 255],[252 253 255],[252 253 255],[252 253 255],[252 253 255],[252 253 255],[252 253 255],[252 253 255],[252 253 255],[252 253 255],[252 253 255],[252 253 255],[252 253 255],[252 253 255],[252 253 255],[252 253 255],[252 253 255],[252 253 255],[251 252 254],[250 251 253],[249 250 252],[249 250 252],[248 249 251],[249 250 252],[250 251 253],[250 251 253],[243 244 246],[236 237 239],[220 221 223],[198 199 201],[175 176 178],[160 161 163],[144 145 147],[144 145 147],[160 161 163],[176 177 179],[204 205 207],[233 234 236],[251 252 254],[252 253 253]
[125 140 151],[124 137 148],[134 146 157],[156 167 177],[179 189 198],[202 211 219],[226 233 240],[242 248 253],[247 251 254],[251 254 255],[252 254 254],[252 253 253],[252 252 252],[252 252 251],[252 251 249],[253 251 249],[254 252 249],[255 252 249],[255 252 249],[255 252 249],[255 252 249],[255 252 249],[255 252 249],[255 252 249],[254 253 249],[254 253 250],[254 252 251],[254 252 253],[254 252 253],[253 253 253],[253 253 253],[252 253 254],[252 253 255],[252 253 255],[252 253 255],[252 253 255],[252 253 255],[252 253 255],[252 253 255],[252 253 255],[252 253 255],[252 253 255],[252 253 255],[252 253 255],[252 253 255],[252 253 255],[252 253 255],[252 253 255],[252 253 255],[252 253 255],[252 253 255],[252 253 255],[252 253 255],[252 253 255],[252 253 255],[252 253 255],[251 252 254],[250 251 253],[249 250 252],[249 250 252],[248 249 251],[249 250 252],[250 251 253],[250 251 253],[243 244 246],[236 237 239],[220 221 223],[198 199 201],[175 176 178],[160 161 163],[144 145 147],[144 145 147],[160 161 163],[176 177 179],[204 205 207],[233 234 236],[251 252 254],[252 253 253]
[125 140 151],[123 136 148],[132 144 155],[153 164 174],[175 185 194],[198 207 215],[222 230 237],[239 245 250],[245 250 252],[251 254 255],[252 254 254],[253 254 254],[253 253 253],[252 251 250],[250 249 247],[251 249 247],[253 251 248],[255 252 249],[255 252 249],[255 252 249],[255 252 249],[255 252 249],[255 252 249],[255 252 249],[254 253 249],[254 253 250],[254 252 251],[254 252 253],[254 252 253],[253 253 253],[253 253 253],[252 253 254],[252 253 255],[252 253 255],[252 253 255],[252 253 255],[252 253 255],[252 253 255],[252 253 255],[252 253 255],[252 253 255],[252 253 255],[252 253 255],[252 253 255],[252 253 255],[252 253 255],[252 253 255],[252 253 255],[252 253 255],[252 253 255],[252 253 255],[252 253 255],[252 253 255],[252 253 255],[252 253 255],[252 253 255],[251 252 254],[251 252 254],[251 252 253],[250 251 253],[249 250 252],[250 251 253],[251 252 253],[251 252 253],[243 244 246],[236 237 239],[220 221 223],[198 199 201],[175 176 178],[159 160 162],[143 144 146],[143 144 146],[159 160 162],[175 176 178],[202 203 205],[231 232 234],[250 251 252],[251 252 253]
[126 141 152],[122 135 147],[131 142 154],[150 161 171],[171 181 190],[195 204 212],[219 227 234],[236 242 248],[244 249 251],[251 254 254],[253 255 255],[254 255 255],[254 254 254],[251 250 249],[248 247 245],[250 248 246],[252 250 247],[255 252 249],[255 252 249],[255 252 249],[255 252 249],[255 252 249],[255 252 249],[255 252 249],[254 253 249],[254 253 250],[254 252 251],[254 252 253],[254 252 253],[253 253 253],[253 253 253],[252 253 254],[252 253 255],[252 253 255],[252 253 255],[252 253 255],[252 253 255],[252 253 255],[252 253 255],[252 253 255],[252 253 255],[252 253 255],[252 253 255],[252 253 255],[252 253 255],[252 253 255],[252 253 255],[252 253 255],[252 253 255],[252 253 255],[252 253 255],[252 253 255],[252 253 255],[252 253 255],[252 253 255],[252 253 255],[252 253 255],[252 253 255],[252 253 254],[251 252 254],[250 251 253],[251 252 254],[252 253 254],[252 253 254],[244 245 246],[236 237 239],[220 221 223],[197 198 200],[174 175 177],[158 159 161],[142 143 145],[142 143 145],[158 159 161],[174 175 177],[201 202 204],[230 231 233],[249 250 251],[250 251 252]
[126 141 152],[122 135 147],[129 141 152],[148 159 169],[167 177 186],[191 200 208],[216 224 231],[234 240 246],[242 247 250],[251 254 254],[253 255 255],[254 255 255],[254 254 254],[251 250 249],[246 245 243],[248 246 244],[252 250 247],[255 252 249],[255 252 249],[255 252 249],[255 252 249],[255 252 249],[255 252 249],[255 252 249],[254 253 249],[254 253 250],[254 252 251],[254 252 253],[254 252 253],[253 253 253],[253 253 253],[252 253 254],[252 253 255],[252 253 255],[252 253 255],[252 253 255],[246 247 249],[245 246 248],[252 253 255],[252 253 255],[252 253 255],[252 253 255],[252 253 255],[252 253 255],[252 253 255],[252 253 255],[252 253 255],[252 253 255],[252 253 255],[252 253 255],[252 253 255],[252 253 255],[252 253 255],[252 253 255],[252 253 255],[252 253 255],[252 253 255],[253 254 255],[253 254 255],[252 253 254],[251 252 253],[252 253 254],[252 253 254],[252 253 254],[244 245 246],[236 237 239],[220 221 223],[197 198 200],[174 175 177],[158 159 161],[142 143 145],[141 142 144],[156 157 159],[172 173 175],[199 200 202],[228 229 231],[247 248 249],[250 250 251]
[127 142 153],[122 135 147],[128 140 151],[146 156 167],[164 174 183],[188 197 205],[213 221 228],[232 238 243],[241 246 249],[250 254 254],[253 255 255],[254 255 255],[254 254 253],[250 249 248],[245 244 242],[247 245 243],[251 249 246],[255 252 249],[255 252 249],[255 252 249],[255 252 249],[255 252 249],[255 252 249],[255 252 249],[254 253 249],[254 253 250],[254 252 251],[254 252 253],[254 252 253],[253 253 253],[253 253 253],[252 253 254],[252 253 255],[252 253 255],[252 253 255],[252 253 255],[194 195 196],[181 182 182],[252 253 255],[252 253 255],[252 253 255],[252 253 255],[252 253 255],[252 253 255],[252 253 255],[252 253 255],[252 253 255],[252 253 255],[252 253 255],[252 253 255],[252 253 255],[252 253 255],[252 253 255],[252 253 255],[252 253 255],[252 253 255],[253 254 255],[253 254 255],[254 255 255],[253 254 255],[252 253 254],[253 254 255],[253 254 255],[253 254 254],[245 246 247],[237 238 240],[220 221 223],[197 198 200],[173 174 176],[157 158 160],[141 142 144],[140 141 143],[155 156 158],[171 172 174],[198 199 201],[226 227 229],[246 246 248],[249 249 250]
[128 143 154],[122 135 147],[127 139 150],[144 154 165],[160 170 179],[185 194 202],[210 218 225],[230 236 241],[240 245 248],[250 254 254],[253 255 255],[254 255 255],[254 254 253],[249 248 247],[243 243 241],[246 244 242],[251 248 246],[255 252 249],[255 252 249],[255 252 249],[255 252 249],[255 252 249],[255 252 249],[255 252 249],[254 253 249],[254 253 250],[254 252 251],[254 252 253],[254 252 253],[253 253 253],[253 253 253],[252 253 254],[218 219 220],[172 173 174],[172 173 174],[172 173 174],[148 149 149],[143 144 144],[181 182 183],[243 244 246],[252 253 255],[252 253 255],[252 253 255],[252 253 255],[252 253 255],[252 253 255],[252 253 255],[252 253 255],[252 253 255],[252 253 255],[252 253 255],[252 253 255],[252 253 255],[252 253 255],[252 253 255],[252 253 255],[253 254 255],[253 254 255],[254 255 255],[254 255 255],[254 255 255],[254 255 255],[254 255 255],[253 254 254],[245 246 247],[237 238 240],[220 221 223],[197 198 200],[173 174 176],[157 158 160],[141 142 144],[139 140 142],[154 155 157],[169 170 172],[196 197 199],[224 225 227],[244 244 246],[248 248 249]
[128 143 154],[122 135 147],[126 138 149],[143 153 164],[158 168 177],[183 192 200],[209 217 224],[229 235 240],[239 244 247],[250 254 254],[253 255 255],[254 255 255],[254 254 253],[249 248 247],[243 242 240],[245 244 241],[251 248 246],[255 252 249],[255 252 249],[255 252 249],[255 252 249],[255 252 249],[255 252 249],[255 252 249],[254 253 249],[254 253 250],[254 252 251],[254 252 253],[238 236 237],[200 200 200],[200 200 200],[199 200 201],[169 170 171],[128 129 129],[128 129 129],[128 129 129],[128 129 129],[128 129 129],[136 137 137],[192 193 194],[235 236 238],[252 253 255],[252 253 255],[252 253 255],[252 253 255],[252 253 255],[252 253 255],[252 253 255],[252 253 255],[252 253 255],[252 253 255],[252 253 255],[252 253 255],[252 253 255],[252 253 255],[252 253 255],[253 254 255],[253 254 255],[254 255 255],[254 255 255],[254 255 255],[254 255 255],[254 255 255],[253 254 254],[245 246 247],[237 238 240],[220 221 223],[197 198 200],[173 174 176],[157 158 160],[140 141 143],[138 139 141],[153 154 156],[168 169 171],[195 196 198],[223 224 226],[243 243 245],[247 248 249]
[129 144 155],[122 135 146],[125 137 148],[141 152 162],[156 166 175],[181 190 198],[207 215 222],[228 234 239],[238 243 246],[250 253 254],[253 255 255],[254 255 255],[253 253 253],[248 247 246],[242 241 239],[244 243 240],[250 248 245],[255 252 249],[255 252 249],[255 252 249],[255 252 249],[255 252 249],[255 252 249],[245 242 239],[228 228 225],[228 228 225],[228 227 226],[228 227 228],[198 197 198],[128 129 129],[128 129 129],[128 129 129],[128 129 129],[128 129 129],[128 129 129],[128 129 129],[128 129 129],[128 129 129],[128 129 129],[128 129 129],[211 212 213],[252 253 255],[252 253 255],[252 253 255],[252 253 255],[252 253 255],[252 253 255],[252 253 255],[252 253 255],[252 253 255],[252 253 255],[252 253 255],[252 253 255],[252 253 255],[252 253 255],[252 253 255],[253 254 255],[253 254 255],[254 255 255],[254 255 255],[254 255 255],[254 255 255],[254 255 255],[253 254 254],[245 246 247],[238 239 241],[221 222 224],[196 197 199],[172 173 175],[156 157 159],[139 140 142],[137 138 140],[152 153 155],[167 168 170],[194 195 197],[222 223 225],[242 242 244],[246 247 248]
[131 146 157],[124 137 148],[126 138 149],[141 152 162],[155 165 174],[179 188 196],[204 212 219],[225 231 236],[237 242 245],[249 253 254],[253 255 255],[254 255 255],[253 253 253],[249 248 247],[244 243 241],[246 245 242],[251 249 246],[255 252 249],[255 252 249],[255 252 249],[255 252 249],[255 252 249],[255 252 249],[206 204 202],[130 131 131],[130 131 131],[130 131 131],[130 131 131],[129 130 130],[128 129 129],[128 129 129],[128 129 129],[128 129 129],[128 129 129],[128 129 129],[128 129 129],[128 129 129],[128 129 129],[128 129 129],[128 129 129],[211 212 213],[252 253 255],[252 253 255],[252 253 255],[252 253 255],[252 253 255],[252 253 255],[252 253 255],[252 253 255],[252 253 255],[252 253 255],[252 253 255],[252 253 255],[252 253 255],[252 253 255],[252 253 255],[253 254 255],[252 253 255],[253 254 254],[253 254 255],[253 254 255],[254 255 255],[254 255 255],[253 254 254],[246 247 248],[240 241 243],[223 224 226],[197 198 200],[172 173 175],[155 156 158],[137 138 140],[134 135 137],[149 150 152],[165 166 168],[193 194 196],[222 223 225],[243 244 246],[247 248 249]
[135 150 161],[127 140 152],[129 141 152],[142 153 163],[155 165 174],[178 186 194],[201 209 216],[220 227 232],[234 239 243],[248 252 253],[252 254 255],[253 254 255],[254 254 254],[252 251 250],[249 249 247],[250 249 247],[253 251 248],[255 252 249],[255 252 249],[229 227 225],[158 158 157],[158 158 157],[158 158 157],[146 146 146],[128 129 129],[128 129 129],[128 129 129],[128 129 129],[128 129 129],[128 129 129],[128 129 129],[128 129 129],[168 169 170],[222 223 225],[222 223 225],[222 223 225],[171 172 172],[128 129 129],[128 129 129],[128 129 129],[211 212 213],[252 253 255],[252 253 255],[252 253 255],[252 253 255],[252 253 255],[252 253 255],[252 253 255],[252 253 255],[252 253 255],[252 253 255],[252 253 255],[252 253 255],[252 253 255],[252 253 255],[252 253 255],[252 253 254],[251 252 253],[251 252 253],[251 252 253],[252 253 254],[252 253 254],[253 254 254],[254 255 255],[249 250 251],[245 246 248],[228 229 231],[200 201 203],[173 174 176],[152 153 155],[131 132 134],[128 129 131],[144 145 147],[161 162 164],[193 194 195],[226 227 228],[248 249 250],[250 251 251]
[139 154 165],[131 144 156],[132 144 155],[144 155 165],[155 165 174],[176 184 192],[197 205 212],[216 223 228],[231 236 240],[246 251 253],[251 254 255],[253 254 255],[255 255 255],[255 254 253],[254 254 252],[254 253 251],[255 253 250],[206 205 203],[186 185 184],[170 170 169],[128 129 129],[128 129 129],[128 129 129],[128 129 129],[128 129 129],[128 129 129],[128 129 129],[128 129 129],[148 149 149],[196 196 196],[196 196 196],[195 196 197],[219 220 222],[252 253 255],[252 253 255],[252 253 255],[221 222 223],[173 174 175],[128 129 129],[128 129 129],[211 212 213],[252 253 255],[252 253 255],[252 253 255],[252 253 255],[252 253 255],[252 253 255],[252 253 255],[252 253 255],[252 253 255],[252 253 255],[252 253 255],[252 253 255],[252 253 255],[252 253 255],[252 253 255],[251 252 254],[249 250 252],[248 249 251],[249 250 252],[250 251 253],[251 252 254],[253 254 254],[254 255 255],[252 253 254],[250 251 253],[232 233 235],[203 204 206],[173 174 176],[149 150 152],[125 126 128],[121 122 124],[139 140 142],[158 159 161],[193 194 195],[229 230 231],[253 254 254],[253 254 254]
[139 154 165],[132 145 157],[134 146 157],[146 157 167],[157 167 176],[178 187 195],[199 207 213],[217 224 229],[232 237 241],[247 251 253],[251 254 255],[253 254 255],[255 255 255],[255 255 254],[255 254 252],[249 248 245],[217 216 213],[153 153 153],[128 129 129],[128 129 129],[128 129 129],[128 129 129],[128 129 129],[128 129 129],[135 136 136],[167 167 166],[169 169 168],[169 169 169],[194 194 194],[253 253 253],[253 253 253],[252 253 254],[252 253 255],[252 253 255],[252 253 255],[252 253 255],[252 253 255],[224 225 227],[168 169 170],[168 169 170],[224 225 227],[252 253 255],[252 253 255],[252 253 255],[252 253 255],[252 253 255],[252 253 255],[252 253 255],[252 253 255],[252 253 255],[252 253 255],[252 253 255],[252 253 255],[252 253 255],[252 253 255],[252 253 255],[251 252 254],[249 250 252],[248 249 251],[249 250 252],[250 251 253],[251 252 254],[253 254 254],[254 255 255],[253 254 255],[251 252 254],[233 234 236],[203 204 206],[174 175 177],[149 150 152],[124 125 127],[120 121 123],[138 139 141],[157 158 160],[193 194 195],[230 231 232],[254 255 255],[253 254 254]
[139 154 165],[132 145 157],[135 146 158],[148 159 169],[160 170 179],[181 190 198],[202 210 216],[220 227 232],[234 239 243],[247 252 253],[252 254 255],[254 255 255],[255 255 255],[255 254 253],[249 249 247],[224 224 222],[136 137 137],[128 129 129],[128 129 129],[128 129 129],[128 129 129],[128 129 129],[136 137 137],[141 142 141],[161 162 161],[249 248 245],[254 252 251],[254 252 253],[254 252 253],[253 253 253],[253 253 253],[252 253 254],[252 253 255],[252 253 255],[252 253 255],[252 253 255],[252 253 255],[252 253 255],[252 253 255],[252 253 255],[252 253 255],[252 253 255],[252 253 255],[252 253 255],[252 253 255],[252 253 255],[252 253 255],[252 253 255],[252 253 255],[252 253 255],[252 253 255],[252 253 255],[252 253 255],[252 253 255],[252 253 255],[252 253 255],[251 252 254],[249 250 252],[248 249 251],[249 250 252],[250 251 253],[251 252 254],[253 254 254],[254 255 255],[253 254 255],[251 252 254],[234 235 237],[204 205 207],[174 175 177],[149 150 152],[125 126 128],[121 122 124],[139 140 142],[157 158 160],[192 193 195],[229 230 232],[253 254 255],[253 253 254]
[138 153 163],[132 145 157],[136 147 159],[150 161 171],[163 173 182],[184 193 201],[205 213 219],[223 230 235],[236 241 245],[248 252 253],[252 254 255],[254 255 255],[255 255 255],[255 254 253],[213 212 212],[140 141 140],[129 130 130],[128 129 129],[128 129 129],[128 129 129],[128 129 129],[128 129 129],[197 196 194],[241 238 235],[242 241 238],[253 252 249],[254 252 251],[254 252 253],[254 252 253],[253 253 253],[253 253 253],[252 253 254],[252 253 255],[252 253 255],[252 253 255],[252 253 255],[252 253 255],[252 253 255],[252 253 255],[252 253 255],[252 253 255],[252 253 255],[252 253 255],[252 253 255],[252 253 255],[252 253 255],[252 253 255],[252 253 255],[252 253 255],[252 253 255],[252 253 255],[252 253 255],[252 253 255],[252 253 255],[252 253 255],[252 253 255],[251 252 254],[249 250 252],[248 249 251],[249 250 252],[250 251 253],[251 252 254],[253 254 254],[254 255 255],[253 254 255],[251 252 254],[234 235 237],[204 205 207],[175 176 178],[150 151 153],[125 126 128],[121 122 124],[139 140 142],[157 158 160],[192 193 195],[229 230 232],[253 254 255],[253 253 254]
[136 151 161],[131 144 156],[137 148 160],[152 163 173],[168 178 187],[189 198 206],[210 218 224],[227 234 239],[238 243 247],[249 253 254],[252 254 254],[253 254 254],[253 253 253],[253 252 251],[206 206 205],[128 129 129],[128 129 129],[128 129 129],[128 129 129],[151 151 151],[213 211 209],[213 211 209],[239 236 233],[255 252 249],[254 253 249],[254 253 250],[254 252 251],[254 252 253],[254 252 253],[253 253 253],[253 253 253],[252 253 254],[252 253 255],[252 253 255],[252 253 255],[252 253 255],[252 253 255],[252 253 255],[252 253 255],[252 253 255],[252 253 255],[252 253 255],[252 253 255],[252 253 255],[252 253 255],[252 253 255],[252 253 255],[252 253 255],[252 253 255],[252 253 255],[252 253 255],[252 253 255],[252 253 255],[252 253 255],[252 253 255],[252 253 255],[251 252 254],[250 251 253],[249 250 252],[249 250 252],[249 250 252],[250 251 253],[252 253 254],[254 255 255],[253 254 255],[252 253 255],[235 236 238],[206 207 209],[177 178 180],[152 153 155],[127 128 130],[123 124 126],[140 141 143],[156 157 159],[191 192 194],[227 228 230],[251 252 253],[252 252 253]
[134 149 160],[131 144 155],[138 149 161],[154 165 175],[172 182 191],[193 202 210],[215 223 229],[231 238 243],[240 245 248],[250 254 254],[252 254 254],[252 253 253],[252 252 251],[219 218 217],[171 171 171],[128 129 129],[128 129 129],[128 129 129],[155 156 155],[204 202 201],[255 252 249],[255 252 249],[255 252 249],[255 252 249],[254 253 249],[254 253 250],[254 252 251],[254 252 253],[254 252 253],[253 253 253],[253 253 253],[252 253 254],[252 253 255],[252 253 255],[252 253 255],[252 253 255],[252 253 255],[252 253 255],[252 253 255],[252 253 255],[252 253 255],[252 253 255],[252 253 255],[252 253 255],[252 253 255],[252 253 255],[252 253 255],[252 253 255],[252 253 255],[252 253 255],[252 253 255],[252 253 255],[252 253 255],[252 253 255],[252 253 255],[252 253 255],[251 252 254],[250 251 253],[249 250 252],[249 250 252],[248 249 251],[250 251 252],[252 253 254],[254 255 255],[253 254 255],[252 253 255],[235 236 238],[207 208 210],[178 179 181],[153 154 156],[129 130 132],[124 125 127],[140 141 143],[156 157 159],[190 191 193],[226 227 229],[250 250 252],[251 252 253]
[132 147 158],[130 143 154],[138 150 161],[157 168 178],[176 186 195],[197 206 214],[219 227 233],[235 242 247],[243 248 251],[250 254 254],[251 253 253],[250 251 251],[228 228 228],[167 168 167],[128 129 129],[128 129 129],[128 129 129],[148 149 148],[205 203 201],[255 252 249],[255 252 249],[255 252 249],[255 252 249],[255 252 249],[254 253 249],[254 253 250],[254 252 251],[254 252 253],[254 252 253],[253 253 253],[253 253 253],[252 253 254],[252 253 255],[252 253 255],[252 253 255],[252 253 255],[252 253 255],[252 253 255],[252 253 255],[252 253 255],[252 253 255],[252 253 255],[252 253 255],[252 253 255],[252 253 255],[252 253 255],[252 253 255],[252 253 255],[252 253 255],[252 253 255],[252 253 255],[252 253 255],[252 253 255],[252 253 255],[252 253 255],[252 253 255],[251 252 254],[250 251 253],[249 250 252],[249 250 252],[248 249 251],[250 251 252],[252 253 254],[254 255 255],[253 254 255],[252 253 255],[235 236 238],[208 209 211],[179 180 182],[154 155 157],[130 131 133],[125 126 128],[140 141 143],[156 157 159],[189 190 192],[225 226 228],[249 249 251],[250 251 252]
[130 145 156],[129 142 154],[139 150 162],[160 171 181],[181 191 200],[202 211 219],[224 232 238],[239 246 251],[245 250 253],[251 255 255],[251 253 253],[246 247 247],[152 153 152],[128 129 129],[128 129 129],[128 129 129],[129 130 130],[218 216 214],[255 252 249],[255 252 249],[255 252 249],[255 252 249],[255 252 249],[255 252 249],[254 253 249],[254 253 250],[254 252 251],[254 252 253],[254 252 253],[253 253 253],[253 253 253],[252 253 254],[252 253 255],[252 253 255],[252 253 255],[252 253 255],[252 253 255],[252 253 255],[252 253 255],[252 253 255],[252 253 255],[252 253 255],[252 253 255],[252 253 255],[252 253 255],[252 253 255],[252 253 255],[252 253 255],[252 253 255],[252 253 255],[252 253 255],[252 253 255],[252 253 255],[252 253 255],[252 253 255],[252 253 255],[251 252 254],[250 251 253],[249 250 252],[248 249 251],[247 248 250],[249 250 251],[252 253 253],[254 255 255],[253 254 255],[252 253 255],[236 237 239],[208 209 211],[181 182 184],[156 157 159],[132 133 135],[126 127 129],[141 142 144],[156 157 159],[189 190 192],[223 224 226],[247 247 249],[250 250 251]
[128 143 154],[128 141 153],[139 151 162],[162 173 183],[185 195 205],[207 216 223],[229 236 242],[243 249 254],[247 252 255],[251 255 255],[250 252 252],[245 246 246],[151 152 152],[128 129 129],[128 129 129],[142 142 142],[218 217 215],[247 244 241],[255 252 249],[255 252 249],[255 252 249],[255 252 249],[255 252 249],[255 252 249],[254 253 249],[254 253 250],[254 252 251],[254 252 253],[254 252 253],[253 253 253],[253 253 253],[252 253 254],[252 253 255],[252 253 255],[252 253 255],[252 253 255],[252 253 255],[252 253 255],[252 253 255],[252 253 255],[252 253 255],[252 253 255],[252 253 255],[252 253 255],[252 253 255],[252 253 255],[252 253 255],[252 253 255],[252 253 255],[252 253 255],[252 253 255],[252 253 255],[252 253 255],[252 253 255],[252 253 255],[252 253 255],[251 252 254],[250 251 253],[249 250 252],[248 249 251],[247 248 250],[249 250 251],[252 253 253],[254 255 255],[253 254 255],[252 253 255],[236 237 239],[209 210 212],[182 183 185],[157 158 160],[133 134 136],[127 128 130],[141 142 144],[156 157 159],[188 189 191],[222 223 225],[245 246 248],[249 249 250]
[125 140 151],[126 139 151],[139 151 162],[163 174 185],[188 198 208],[210 219 225],[232 239 243],[246 252 254],[249 253 255],[251 255 255],[250 252 252],[244 245 245],[151 152 152],[128 129 129],[128 129 129],[145 146 145],[242 240 238],[255 252 249],[255 252 249],[255 252 249],[255 252 249],[255 252 249],[255 252 249],[255 252 249],[254 253 249],[254 253 250],[254 252 251],[254 252 253],[254 252 253],[253 253 253],[253 253 253],[252 253 254],[252 253 255],[252 253 255],[252 253 255],[252 253 255],[252 253 255],[252 253 255],[252 253 255],[252 253 255],[252 253 255],[252 253 255],[252 253 255],[252 253 255],[252 253 255],[252 253 255],[252 253 255],[252 253 255],[252 253 255],[252 253 255],[252 253 255],[252 253 255],[252 253 255],[252 253 255],[252 253 255],[252 253 255],[251 252 254],[250 251 253],[249 250 252],[248 249 251],[247 248 250],[248 249 251],[252 253 253],[254 255 255],[253 254 255],[252 253 255],[237 238 239],[211 212 213],[184 185 187],[159 160 162],[135 136 138],[129 130 132],[142 143 145],[156 157 159],[187 188 190],[220 221 223],[243 244 246],[248 248 249]
[123 138 149],[125 138 150],[138 150 161],[165 176 186],[191 201 211],[213 222 227],[235 242 245],[248 254 255],[250 255 255],[252 255 255],[249 251 251],[243 243 243],[151 152 152],[128 129 129],[128 129 129],[145 146 145],[242 240 238],[255 252 249],[255 252 249],[255 252 249],[255 252 249],[255 252 249],[255 252 249],[255 252 249],[254 253 249],[254 253 250],[254 252 251],[254 252 253],[254 252 253],[253 253 253],[253 253 253],[252 253 254],[252 253 255],[252 253 255],[252 253 255],[252 253 255],[252 253 255],[252 253 255],[252 253 255],[252 253 255],[252 253 255],[252 253 255],[252 253 255],[252 253 255],[252 253 255],[252 253 255],[252 253 255],[252 253 255],[252 253 255],[252 253 255],[252 253 255],[252 253 255],[252 253 255],[252 253 255],[252 253 255],[252 253 255],[251 252 254],[251 252 254],[249 250 252],[248 249 251],[246 247 249],[247 248 250],[251 252 253],[254 255 255],[254 255 255],[253 254 255],[238 239 240],[212 213 215],[186 187 189],[161 162 164],[137 138 140],[130 131 133],[144 145 147],[156 157 159],[186 187 189],[219 220 222],[241 242 244],[246 246 247]
[121 136 147],[123 136 148],[138 149 161],[165 176 187],[193 203 212],[214 223 228],[236 243 245],[249 255 255],[251 255 255],[252 255 255],[249 251 251],[243 243 243],[151 151 151],[128 129 129],[128 129 129],[145 146 145],[242 240 238],[255 252 249],[255 252 249],[255 252 249],[255 252 249],[255 252 249],[255 252 249],[255 252 249],[254 253 249],[254 253 250],[254 252 251],[254 252 253],[254 252 253],[253 253 253],[253 253 253],[252 253 254],[252 253 255],[252 253 255],[252 253 255],[252 253 255],[252 253 255],[252 253 255],[252 253 255],[252 253 255],[252 253 255],[252 253 255],[252 253 255],[252 253 255],[252 253 255],[252 253 255],[252 253 255],[252 253 255],[252 253 255],[252 253 255],[252 253 255],[252 253 255],[252 253 255],[252 253 255],[252 253 255],[252 253 255],[251 252 254],[251 252 254],[249 250 252],[248 249 251],[246 247 249],[247 248 250],[251 252 253],[254 255 255],[254 255 255],[253 254 255],[238 239 240],[213 214 216],[188 189 191],[163 164 166],[139 140 142],[132 133 135],[144 145 147],[156 157 159],[186 187 189],[217 218 220],[239 240 242],[246 246 247]
[119 134 145],[121 134 146],[137 148 160],[166 176 187],[194 204 213],[215 224 229],[237 243 246],[249 255 255],[251 255 255],[252 255 255],[249 251 251],[242 243 243],[151 151 151],[128 129 129],[128 129 129],[145 146 146],[243 241 239],[255 252 249],[255 252 249],[255 252 249],[255 252 249],[255 252 249],[255 252 249],[255 252 249],[254 253 249],[254 253 250],[254 252 251],[254 252 253],[254 252 253],[253 253 253],[253 253 253],[252 253 254],[252 253 255],[252 253 255],[252 253 255],[252 253 255],[252 253 255],[252 253 255],[252 253 255],[252 253 255],[252 253 255],[252 253 255],[252 253 255],[252 253 255],[252 253 255],[252 253 255],[252 253 255],[252 253 255],[252 253 255],[252 253 255],[252 253 255],[252 253 255],[252 253 255],[252 253 255],[252 253 255],[252 253 255],[251 252 254],[251 252 254],[249 250 252],[247 248 250],[245 246 248],[246 247 249],[250 251 252],[254 255 255],[254 255 255],[253 254 255],[239 240 241],[214 215 217],[190 191 193],[165 166 168],[141 142 144],[133 134 136],[145 146 148],[156 157 159],[185 186 188],[215 216 218],[237 238 240],[245 245 246]
[117 132 143],[120 133 144],[136 147 159],[166 176 187],[195 205 214],[216 225 230],[237 243 246],[249 255 255],[251 255 255],[252 255 255],[249 251 251],[244 245 245],[215 215 215],[162 163 163],[128 129 129],[133 134 134],[164 163 163],[229 227 225],[255 252 249],[255 252 249],[255 252 249],[255 252 249],[255 252 249],[255 252 249],[254 253 249],[254 253 250],[254 252 251],[254 252 253],[254 252 253],[253 253 253],[253 253 253],[252 253 254],[252 253 255],[252 253 255],[252 253 255],[252 253 255],[252 253 255],[252 253 255],[252 253 255],[252 253 255],[252 253 255],[252 253 255],[252 253 255],[252 253 255],[252 253 255],[252 253 255],[252 253 255],[252 253 255],[252 253 255],[252 253 255],[252 253 255],[252 253 255],[252 253 255],[252 253 255],[252 253 255],[252 253 255],[251 252 254],[251 252 254],[249 250 252],[247 248 250],[244 245 247],[246 247 248],[250 251 252],[254 255 255],[254 255 255],[253 254 255],[239 240 241],[215 216 218],[191 192 194],[166 167 169],[142 143 145],[134 135 137],[145 146 148],[156 157 159],[184 185 187],[214 215 217],[236 237 238],[244 244 245]
[116 131 142],[118 131 143],[135 146 158],[165 176 187],[195 205 214],[216 225 230],[237 243 246],[249 255 255],[251 255 255],[251 255 255],[248 251 251],[244 245 245],[199 200 200],[154 155 155],[128 129 129],[128 129 129],[128 129 129],[218 216 214],[255 252 249],[255 252 249],[255 252 249],[255 252 249],[255 252 249],[255 252 249],[254 253 249],[254 253 250],[254 252 251],[254 252 253],[254 252 253],[253 253 253],[253 253 253],[252 253 254],[252 253 255],[252 253 255],[252 253 255],[252 253 255],[252 253 255],[252 253 255],[252 253 255],[252 253 255],[252 253 255],[252 253 255],[252 253 255],[252 253 255],[252 253 255],[252 253 255],[252 253 255],[252 253 255],[252 253 255],[252 253 255],[252 253 255],[252 253 255],[252 253 255],[252 253 255],[252 253 255],[252 253 255],[251 252 254],[251 252 254],[249 250 252],[247 248 250],[244 245 247],[246 247 248],[250 251 252],[254 255 255],[254 255 255],[253 254 255],[239 240 241],[216 217 219],[192 193 195],[167 168 170],[143 144 146],[135 136 138],[145 146 148],[156 157 159],[183 184 186],[213 214 216],[234 235 237],[243 243 244]
[115 130 141],[117 130 142],[134 145 157],[164 175 186],[196 206 215],[217 225 231],[237 244 246],[249 255 255],[250 254 255],[250 254 255],[247 250 250],[241 242 242],[150 151 151],[128 129 129],[128 129 129],[128 129 129],[128 129 129],[218 216 214],[255 252 249],[255 252 249],[255 252 249],[255 252 249],[255 252 249],[255 252 249],[254 253 249],[254 253 250],[254 252 251],[254 252 253],[254 252 253],[253 253 253],[253 253 253],[252 253 254],[252 253 255],[252 253 255],[252 253 255],[252 253 255],[252 253 255],[252 253 255],[252 253 255],[252 253 255],[252 253 255],[252 253 255],[252 253 255],[252 253 255],[252 253 255],[252 253 255],[252 253 255],[252 253 255],[252 253 255],[252 253 255],[252 253 255],[252 253 255],[252 253 255],[252 253 255],[252 253 255],[252 253 255],[252 253 255],[251 252 254],[250 251 253],[247 248 250],[243 244 246],[245 246 248],[249 250 252],[253 254 255],[253 254 255],[253 254 255],[240 241 242],[217 218 220],[193 194 196],[168 169 171],[144 145 147],[136 137 139],[146 147 149],[155 156 158],[182 183 185],[212 213 215],[233 234 236],[242 242 243]
[114 129 139],[116 128 140],[133 144 155],[164 175 185],[196 206 214],[217 225 231],[237 244 246],[249 255 255],[250 254 255],[250 254 255],[247 250 250],[242 243 243],[154 155 155],[129 130 130],[128 129 129],[128 129 129],[128 129 129],[218 216 214],[255 252 249],[255 252 249],[255 252 249],[255 252 249],[255 252 249],[255 252 249],[254 253 249],[254 253 250],[254 252 251],[254 252 253],[254 252 253],[253 253 253],[253 253 253],[252 253 254],[252 253 255],[252 253 255],[252 253 255],[252 253 255],[252 253 255],[252 253 255],[252 253 255],[252 253 255],[252 253 255],[252 253 255],[252 253 255],[252 253 255],[252 253 255],[252 253 255],[252 253 255],[252 253 255],[252 253 255],[252 253 255],[252 253 255],[252 253 255],[252 253 255],[252 253 255],[252 253 255],[252 253 255],[252 253 255],[251 252 254],[250 251 253],[247 248 250],[243 244 246],[245 246 248],[249 250 252],[253 254 255],[253 254 255],[253 254 255],[240 241 242],[217 218 220],[194 195 197],[169 170 172],[145 146 148],[136 137 139],[146 147 149],[155 156 158],[182 183 185],[211 212 214],[232 233 235],[242 242 243]
[115 128 138],[116 127 138],[132 143 153],[164 174 183],[196 205 213],[218 225 230],[238 243 245],[250 255 255],[249 253 255],[249 253 255],[246 249 250],[243 244 245],[225 225 225],[169 170 169],[128 129 129],[128 129 129],[128 129 129],[217 217 214],[254 253 250],[254 253 250],[254 253 250],[254 253 250],[254 253 250],[254 253 250],[254 253 250],[254 253 251],[253 253 252],[253 253 253],[253 253 253],[252 254 253],[252 254 253],[252 253 254],[252 253 255],[252 253 255],[252 253 255],[252 253 255],[252 253 255],[252 253 255],[252 253 255],[252 253 255],[252 253 255],[252 253 255],[252 253 255],[252 253 255],[252 253 255],[252 253 255],[252 253 255],[252 253 255],[252 253 255],[252 253 255],[252 253 255],[252 253 255],[252 253 255],[252 253 255],[252 253 255],[252 253 255],[252 253 255],[251 252 254],[250 251 253],[246 247 249],[242 243 245],[244 245 247],[248 249 251],[252 253 255],[253 254 255],[254 255 255],[241 242 242],[218 219 221],[195 196 198],[170 171 173],[146 147 149],[137 138 140],[147 148 150],[155 156 158],[182 183 185],[210 211 213],[231 232 234],[241 241 242]
[115 127 136],[116 126 135],[132 142 150],[164 173 181],[196 205 212],[218 225 229],[238 243 245],[251 255 255],[249 253 255],[248 252 255],[246 248 250],[243 244 245],[242 242 242],[178 178 178],[128 129 129],[128 129 129],[128 129 129],[164 164 164],[215 215 214],[254 253 251],[254 253 251],[254 253 251],[254 253 251],[254 253 251],[254 253 251],[254 253 251],[253 253 252],[253 253 253],[253 253 253],[252 254 253],[252 254 253],[252 253 254],[252 253 255],[252 253 255],[252 253 255],[252 253 255],[252 253 255],[252 253 255],[252 253 255],[252 253 255],[252 253 255],[252 253 255],[252 253 255],[252 253 255],[252 253 255],[252 253 255],[252 253 255],[252 253 255],[252 253 255],[252 253 255],[252 253 255],[252 253 255],[252 253 255],[252 253 255],[252 253 255],[252 253 255],[252 253 255],[251 252 254],[250 251 253],[246 247 249],[242 243 245],[244 245 247],[248 249 251],[252 253 255],[253 254 255],[254 255 255],[241 242 242],[219 220 221],[196 197 199],[171 172 174],[147 148 150],[138 139 141],[147 148 150],[155 156 158],[182 183 185],[209 210 212],[231 232 233],[241 241 242]
[118 128 135],[127 136 143],[148 156 162],[180 188 194],[212 220 225],[228 234 237],[242 247 248],[251 255 255],[249 253 254],[247 251 253],[247 249 251],[246 247 248],[246 247 247],[179 180 179],[128 129 129],[128 129 129],[128 129 129],[128 129 129],[189 190 189],[254 254 252],[254 254 252],[254 254 252],[254 254 252],[254 254 252],[254 254 252],[254 254 252],[253 253 253],[253 253 254],[253 253 254],[252 254 254],[252 254 254],[252 254 254],[252 254 255],[252 254 255],[252 254 255],[252 254 255],[225 227 229],[204 206 207],[204 206 207],[204 206 207],[204 206 207],[225 227 229],[251 253 255],[251 253 255],[251 253 255],[251 253 255],[251 253 255],[251 253 255],[251 253 255],[251 253 255],[251 253 255],[251 253 255],[251 253 255],[251 253 255],[251 253 255],[251 253 255],[251 253 255],[251 253 254],[251 252 254],[248 250 251],[246 247 249],[247 249 250],[249 251 252],[252 253 255],[250 251 252],[248 250 250],[233 235 235],[210 212 213],[185 188 189],[164 166 167],[143 145 146],[137 139 141],[149 151 153],[161 163 165],[189 191 193],[217 219 221],[239 240 241],[245 246 247]
[121 129 134],[139 146 151],[164 171 176],[197 203 208],[230 236 240],[239 245 246],[247 251 252],[251 254 254],[248 252 253],[246 250 251],[248 250 252],[249 251 252],[251 252 252],[180 181 181],[128 129 129],[128 129 129],[128 129 129],[128 129 129],[179 181 180],[233 235 233],[234 236 234],[250 252 250],[253 255 253],[253 255 253],[250 252 250],[234 236 234],[233 234 234],[233 234 235],[232 234 235],[231 235 235],[231 235 235],[231 235 235],[231 235 235],[231 235 235],[231 235 235],[231 235 235],[174 177 177],[128 129 129],[128 129 129],[128 129 129],[128 129 129],[174 176 177],[235 238 239],[250 253 254],[250 253 254],[250 253 254],[250 253 254],[250 253 254],[250 253 254],[250 253 254],[250 253 254],[250 253 254],[250 253 254],[250 253 254],[250 253 254],[250 253 254],[250 254 254],[251 254 255],[252 254 255],[251 253 254],[250 252 253],[250 253 253],[251 254 254],[251 254 254],[246 249 250],[241 244 245],[224 228 228],[199 203 204],[174 177 179],[156 159 160],[138 141 142],[136 139 140],[152 155 156],[168 171 172],[197 200 201],[226 230 230],[247 249 250],[249 251 252]
[124 130 133],[148 153 156],[176 180 184],[208 213 217],[241 246 249],[246 251 252],[250 253 254],[250 254 254],[247 251 251],[244 248 249],[247 250 251],[250 252 253],[253 254 254],[180 181 181],[128 129 129],[128 129 129],[128 129 129],[128 129 129],[131 132 132],[135 136 136],[141 142 142],[231 234 233],[251 254 253],[251 254 253],[231 233 233],[141 142 142],[135 136 136],[135 136 136],[135 136 136],[135 136 136],[135 136 136],[135 136 136],[135 136 136],[135 136 136],[135 136 136],[135 136 136],[131 132 132],[128 129 129],[128 129 129],[128 129 129],[128 129 129],[131 132 132],[162 164 164],[248 252 253],[248 252 253],[248 252 253],[248 252 253],[248 252 253],[248 252 253],[248 252 253],[248 252 253],[248 252 253],[248 252 253],[248 252 253],[248 252 253],[248 252 253],[249 253 253],[250 253 254],[251 254 254],[251 254 254],[251 254 255],[251 255 255],[252 255 255],[251 254 254],[243 247 247],[236 240 241],[218 222 223],[192 196 197],[166 170 171],[150 154 155],[134 138 139],[134 138 139],[152 156 157],[171 175 176],[201 204 205],[231 235 235],[251 254 254],[252 254 255]
[126 131 133],[149 154 156],[177 182 184],[209 214 216],[242 246 248],[246 250 251],[249 252 253],[249 252 253],[245 249 250],[242 246 247],[244 247 248],[247 250 251],[249 251 252],[228 231 231],[183 184 184],[128 129 129],[128 129 129],[128 129 129],[128 129 129],[128 129 129],[129 130 130],[156 157 157],[161 163 163],[161 163 163],[156 157 157],[129 130 130],[128 129 129],[128 129 129],[128 129 129],[128 129 129],[128 129 129],[128 129 129],[128 129 129],[128 129 129],[128 129 129],[128 129 129],[128 129 129],[128 129 129],[128 129 129],[128 129 129],[128 129 129],[128 129 129],[156 157 158],[246 250 251],[246 250 251],[246 250 251],[246 250 251],[246 250 251],[246 250 251],[246 250 251],[246 250 251],[246 250 251],[246 250 251],[246 250 251],[246 250 251],[246 250 251],[247 251 251],[248 251 252],[249 252 253],[249 252 253],[249 253 253],[250 253 254],[251 254 254],[250 254 254],[242 245 246],[233 237 238],[215 219 220],[189 193 194],[163 167 168],[147 151 152],[131 135 136],[131 135 136],[149 153 154],[168 172 173],[198 201 202],[228 232 233],[249 252 253],[251 253 254]
[128 132 133],[151 155 156],[179 183 184],[210 214 215],[242 246 247],[246 250 251],[248 252 253],[247 251 252],[243 247 248],[239 243 244],[241 245 246],[244 247 248],[245 249 249],[244 248 249],[200 203 204],[128 129 129],[128 129 129],[128 129 129],[128 129 129],[128 129 129],[128 129 129],[128 129 129],[128 129 129],[128 129 129],[128 129 129],[128 129 129],[128 129 129],[128 129 129],[128 129 129],[128 129 129],[128 129 129],[128 129 129],[128 129 129],[128 129 129],[128 129 129],[128 129 129],[128 129 129],[128 129 129],[134 135 136],[179 181 182],[185 188 188],[185 188 188],[199 202 202],[243 247 248],[243 247 248],[243 247 248],[243 247 248],[243 247 248],[243 247 248],[243 247 248],[243 247 248],[243 247 248],[243 247 248],[243 247 248],[243 247 248],[243 247 248],[244 248 249],[245 249 250],[246 250 251],[246 250 251],[247 251 252],[248 252 253],[250 254 254],[250 254 254],[240 244 244],[231 235 236],[212 216 217],[187 191 192],[161 165 166],[145 149 150],[129 133 134],[129 133 134],[147 151 152],[165 169 170],[195 199 200],[226 230 230],[246 250 251],[250 252 253]
[134 138 139],[158 162 163],[185 189 190],[214 218 219],[245 248 249],[248 252 252],[249 253 254],[249 252 253],[245 249 250],[242 246 247],[243 247 248],[246 249 250],[246 250 251],[245 248 249],[212 215 216],[159 161 162],[160 162 162],[137 139 139],[128 129 129],[128 129 129],[128 129 129],[128 129 129],[128 129 129],[128 129 129],[128 129 129],[128 129 129],[128 129 129],[128 129 129],[128 129 129],[128 129 129],[128 129 129],[149 150 150],[146 148 148],[134 135 136],[160 161 162],[160 162 162],[161 162 162],[161 163 163],[171 173 173],[237 240 240],[246 250 250],[246 250 250],[246 250 250],[246 250 250],[246 250 250],[246 250 250],[246 250 250],[246 250 250],[246 250 250],[246 250 250],[246 250 250],[246 250 250],[246 250 250],[246 250 250],[246 250 250],[246 250 250],[247 250 251],[247 251 252],[248 252 252],[248 252 252],[249 252 253],[249 253 254],[251 254 254],[250 254 254],[241 245 245],[232 236 237],[214 218 219],[188 192 193],[162 166 167],[146 150 151],[130 134 135],[130 134 135],[148 152 153],[167 171 172],[197 200 201],[227 231 232],[248 252 252],[251 253 254]
[141 145 146],[166 170 171],[192 196 197],[220 224 224],[248 251 252],[250 254 254],[251 254 254],[251 254 254],[248 252 252],[246 250 251],[247 251 251],[249 252 253],[249 252 253],[247 250 251],[243 247 248],[243 247 248],[245 249 250],[168 170 170],[135 136 136],[135 136 136],[134 136 136],[129 130 130],[128 129 129],[128 129 129],[128 129 129],[128 129 129],[133 134 134],[135 136 136],[135 136 136],[135 136 136],[135 136 136],[206 209 210],[199 202 202],[158 160 160],[245 249 250],[246 250 251],[248 251 252],[249 253 253],[249 253 253],[249 253 253],[249 253 253],[249 253 253],[249 253 253],[249 253 253],[249 253 253],[249 253 253],[249 253 253],[249 253 253],[249 253 253],[249 253 253],[249 253 253],[249 253 253],[249 253 253],[249 253 253],[249 253 253],[249 253 253],[250 253 253],[250 253 254],[250 254 254],[250 254 254],[251 254 254],[251 254 254],[251 255 255],[251 254 254],[243 246 247],[235 239 240],[217 221 222],[191 195 196],[165 169 170],[149 153 154],[133 137 138],[133 137 138],[151 155 156],[170 174 175],[200 203 204],[230 234 234],[250 254 254],[252 254 254]
[148 152 153],[173 177 178],[199 203 204],[224 228 228],[250 253 254],[252 255 255],[252 255 255],[252 255 255],[250 254 254],[249 253 254],[250 254 254],[251 254 255],[251 254 254],[248 251 252],[244 248 249],[244 248 249],[246 250 251],[234 238 239],[229 232 233],[229 232 233],[224 227 228],[145 147 147],[128 129 129],[128 129 129],[128 129 129],[128 129 129],[202 205 206],[229 232 233],[229 232 233],[229 232 233],[229 232 233],[241 245 246],[240 243 244],[233 237 237],[248 252 253],[248 252 253],[250 253 254],[252 255 255],[252 255 255],[252 255 255],[252 255 255],[252 255 255],[252 255 255],[252 255 255],[252 255 255],[252 255 255],[252 255 255],[252 255 255],[252 255 255],[252 255 255],[252 255 255],[252 255 255],[252 255 255],[252 255 255],[252 255 255],[252 255 255],[252 255 255],[252 255 255],[252 255 255],[252 255 255],[252 255 255],[252 255 255],[252 255 255],[251 254 254],[244 247 248],[237 241 242],[219 223 224],[193 197 198],[167 171 172],[151 155 156],[135 139 140],[135 139 140],[153 157 158],[172 176 177],[202 205 206],[232 236 236],[252 255 255],[253 255 255]
[150 154 155],[176 180 181],[201 205 206],[226 229 229],[250 253 254],[252 255 255],[252 255 255],[252 255 255],[251 254 254],[250 254 254],[251 254 254],[251 254 255],[251 254 254],[248 252 252],[245 249 250],[245 249 250],[247 251 252],[249 253 254],[249 253 254],[249 253 254],[247 251 252],[211 214 215],[203 206 206],[203 206 206],[203 206 206],[203 206 206],[237 240 241],[249 253 254],[249 253 254],[249 253 254],[249 253 254],[249 253 254],[249 253 254],[249 253 254],[249 253 254],[249 253 254],[250 254 254],[252 255 255],[252 255 255],[252 255 255],[252 255 255],[252 255 255],[252 255 255],[252 255 255],[252 255 255],[252 255 255],[252 255 255],[252 255 255],[252 255 255],[252 255 255],[252 255 255],[252 255 255],[252 255 255],[252 255 255],[252 255 255],[252 255 255],[252 255 255],[252 255 255],[252 255 255],[252 255 255],[252 255 255],[252 255 255],[252 255 255],[251 254 254],[244 247 248],[236 240 241],[218 222 223],[192 196 197],[166 170 171],[150 154 155],[134 138 139],[134 138 139],[152 156 157],[171 175 176],[201 205 206],[232 236 236],[252 255 255],[251 254 254]
[152 156 157],[179 183 184],[203 207 208],[228 231 231],[251 254 254],[252 255 255],[252 255 255],[252 255 255],[252 255 255],[252 255 255],[252 255 255],[252 255 255],[251 254 255],[249 253 253],[247 251 251],[247 251 252],[249 253 254],[251 255 255],[251 255 255],[251 255 255],[251 255 255],[251 255 255],[251 255 255],[251 255 255],[251 255 255],[251 255 255],[251 255 255],[251 255 255],[251 255 255],[251 255 255],[251 255 255],[251 255 255],[251 255 255],[251 255 255],[251 255 255],[251 255 255],[251 255 255],[252 255 255],[252 255 255],[252 255 255],[252 255 255],[252 255 255],[252 255 255],[252 255 255],[252 255 255],[252 255 255],[252 255 255],[252 255 255],[252 255 255],[252 255 255],[252 255 255],[252 255 255],[252 255 255],[252 255 255],[252 255 255],[252 255 255],[252 255 255],[252 255 255],[252 255 255],[252 255 255],[252 255 255],[252 255 255],[252 255 255],[251 254 254],[243 246 247],[235 239 240],[217 221 222],[191 195 196],[165 169 170],[149 153 154],[133 137 138],[133 137 138],[151 155 156],[170 174 175],[200 204 205],[231 235 235],[251 254 254],[249 252 253]
[151 155 156],[178 182 183],[203 207 208],[226 230 230],[250 253 253],[250 254 254],[250 253 253],[250 253 253],[250 253 253],[250 253 254],[251 254 254],[251 254 255],[251 254 255],[248 252 252],[246 250 250],[246 250 251],[247 251 252],[249 253 253],[249 253 253],[249 253 253],[249 253 253],[249 253 253],[249 253 253],[249 253 253],[249 253 253],[249 253 253],[249 253 253],[249 253 253],[249 253 253],[249 253 253],[249 253 253],[249 253 253],[249 253 253],[249 253 253],[249 253 253],[249 253 253],[249 253 253],[250 253 253],[250 253 253],[250 253 253],[250 253 253],[250 253 253],[250 253 253],[250 253 253],[250 253 253],[250 253 253],[250 253 253],[250 253 253],[250 253 253],[250 253 253],[250 253 253],[250 253 253],[250 253 253],[250 253 253],[250 253 253],[250 253 253],[250 253 253],[249 252 253],[249 252 252],[249 252 252],[249 252 253],[249 253 253],[250 253 253],[249 252 252],[240 244 245],[232 236 237],[214 218 219],[188 192 193],[162 166 167],[146 150 151],[130 134 135],[130 134 135],[148 152 153],[167 171 172],[197 201 202],[228 232 232],[248 251 252],[248 251 252]
[148 152 153],[175 179 180],[201 205 206],[224 228 228],[248 251 252],[248 252 252],[247 250 251],[246 250 250],[247 250 251],[247 251 252],[249 252 253],[251 254 254],[251 254 254],[248 252 252],[244 248 249],[244 248 249],[245 249 250],[246 250 251],[246 250 251],[246 250 251],[246 250 251],[246 250 251],[246 250 251],[246 250 251],[246 250 251],[246 250 251],[246 250 251],[246 250 251],[246 250 251],[246 250 251],[246 250 251],[246 250 251],[246 250 251],[246 250 251],[246 250 251],[246 250 251],[246 250 251],[247 250 251],[247 250 251],[247 250 251],[247 250 251],[247 250 251],[247 250 251],[247 250 251],[247 250 251],[247 250 251],[247 250 251],[247 250 251],[247 250 251],[247 250 251],[247 250 251],[247 250 251],[247 250 251],[247 250 251],[247 250 251],[247 250 251],[246 250 250],[245 248 249],[244 248 248],[244 248 248],[245 248 249],[245 249 250],[246 250 250],[246 249 250],[236 240 241],[228 232 233],[209 213 214],[183 187 188],[157 161 162],[141 145 146],[125 129 130],[125 129 130],[143 147 148],[162 166 167],[192 196 197],[223 227 228],[244 247 248],[246 249 250]
[146 150 151],[174 178 179],[200 204 205],[222 226 227],[246 250 251],[246 250 251],[244 248 249],[243 247 248],[244 248 249],[245 249 250],[247 251 252],[250 253 254],[251 254 254],[247 251 251],[243 247 248],[243 247 248],[243 247 248],[244 248 249],[244 248 249],[244 248 249],[244 248 249],[244 248 249],[244 248 249],[244 248 249],[244 248 249],[244 248 249],[244 248 249],[244 248 249],[244 248 249],[244 248 249],[244 248 249],[244 248 249],[244 248 249],[244 248 249],[244 248 249],[244 248 249],[244 248 249],[244 248 249],[244 248 249],[244 248 249],[244 248 249],[244 248 249],[244 248 249],[244 248 249],[244 248 249],[244 248 249],[244 248 249],[244 248 249],[244 248 249],[244 248 249],[244 248 249],[244 248 249],[244 248 249],[244 248 249],[244 248 249],[244 248 249],[243 247 248],[242 246 246],[241 245 246],[241 245 246],[242 246 246],[243 246 247],[243 247 248],[243 247 248],[233 237 238],[225 228 229],[206 210 211],[180 184 185],[154 158 159],[138 142 143],[122 126 127],[122 126 127],[140 144 145],[159 163 164],[189 193 194],[220 224 225],[241 244 245],[245 247 249]
[153 157 158],[181 185 186],[205 209 210],[226 230 231],[247 251 252],[246 250 251],[243 247 248],[242 246 247],[244 248 249],[246 250 251],[248 252 253],[250 253 254],[251 254 254],[249 253 253],[247 251 251],[247 251 251],[247 251 251],[248 251 252],[248 251 252],[248 251 252],[248 251 252],[248 251 252],[248 251 252],[248 251 252],[248 251 252],[248 251 252],[248 251 252],[248 251 252],[248 251 252],[248 251 252],[248 251 252],[248 251 252],[248 251 252],[248 251 252],[248 251 252],[248 251 252],[248 251 252],[248 251 252],[248 251 252],[248 251 252],[248 251 252],[248 251 252],[248 251 252],[248 251 252],[248 251 252],[248 251 252],[248 251 252],[248 251 252],[248 251 252],[248 251 252],[248 251 252],[248 251 252],[248 251 252],[248 251 252],[248 251 252],[248 251 252],[247 251 251],[245 249 250],[245 249 249],[245 249 249],[246 249 250],[246 250 251],[247 251 251],[247 250 251],[237 241 242],[228 232 233],[209 213 214],[184 188 189],[158 162 163],[142 146 147],[126 130 131],[126 130 131],[144 148 149],[163 167 168],[193 197 198],[223 227 228],[245 248 249],[248 250 252]
[160 164 165],[187 191 192],[210 214 215],[230 234 235],[249 253 254],[246 250 251],[242 246 247],[241 245 246],[245 249 250],[248 252 253],[250 254 254],[251 254 255],[252 255 255],[251 254 254],[251 254 254],[251 254 254],[251 254 254],[251 254 254],[251 254 254],[251 254 254],[251 254 254],[251 254 254],[251 254 254],[251 254 254],[251 254 254],[251 254 254],[251 254 254],[251 254 254],[251 254 254],[251 254 254],[251 254 254],[251 254 254],[251 254 254],[251 254 254],[251 254 254],[251 254 254],[251 254 254],[251 254 254],[251 254 254],[251 254 254],[251 254 254],[251 254 254],[251 254 254],[251 254 254],[251 254 254],[251 254 254],[251 254 254],[251 254 254],[251 254 254],[251 254 254],[251 254 254],[251 254 254],[251 254 254],[251 254 254],[251 254 254],[251 254 254],[251 254 254],[249 253 254],[249 253 253],[249 253 253],[250 253 254],[250 254 254],[251 254 254],[250 253 253],[241 245 245],[232 236 237],[213 217 218],[188 192 193],[162 166 167],[146 150 151],[130 134 135],[130 134 135],[148 152 153],[167 171 172],[197 201 202],[227 231 232],[249 252 253],[251 253 254]
[166 170 171],[192 196 197],[213 217 218],[230 234 235],[247 251 252],[243 247 248],[239 243 244],[237 241 242],[242 246 247],[245 249 250],[248 252 252],[250 253 254],[252 255 255],[251 254 254],[250 253 254],[250 253 254],[251 254 254],[251 254 254],[251 254 254],[251 254 254],[251 254 254],[251 254 254],[251 254 254],[251 254 254],[251 254 254],[251 254 254],[251 254 254],[251 254 254],[251 254 254],[251 254 254],[251 254 254],[251 254 254],[251 254 254],[251 254 254],[251 254 254],[251 254 254],[251 254 254],[251 254 255],[251 254 255],[251 254 255],[251 254 255],[251 254 255],[251 254 255],[251 254 255],[251 254 255],[251 254 255],[251 254 255],[251 254 255],[251 254 255],[251 254 255],[251 254 255],[251 254 255],[251 254 255],[251 254 255],[251 254 255],[251 254 255],[251 255 255],[251 255 255],[251 255 255],[251 255 255],[252 255 255],[252 255 255],[252 255 255],[251 254 254],[242 246 246],[234 237 238],[215 219 220],[190 194 195],[164 168 169],[148 152 153],[132 136 137],[132 136 137],[150 154 155],[169 173 174],[199 203 204],[229 233 234],[250 253 254],[251 253 254]
[170 174 175],[195 199 200],[214 218 219],[229 233 234],[243 247 248],[239 243 244],[233 237 238],[231 235 236],[236 240 241],[239 243 244],[244 248 248],[249 252 253],[251 254 254],[250 253 253],[247 251 251],[247 251 251],[248 252 253],[249 253 253],[249 253 253],[249 253 253],[249 253 253],[249 253 253],[249 253 253],[249 253 253],[249 253 253],[249 253 253],[249 253 253],[249 253 253],[249 253 253],[249 253 253],[249 253 253],[249 253 253],[249 253 253],[249 253 253],[249 253 253],[249 253 253],[249 253 253],[250 253 254],[250 253 254],[250 253 254],[250 253 254],[250 253 254],[250 253 254],[250 253 254],[250 253 254],[250 253 254],[250 253 254],[250 253 254],[250 253 254],[250 253 254],[250 253 254],[250 253 254],[250 253 254],[250 253 254],[250 253 254],[250 253 254],[250 254 254],[250 254 254],[250 254 255],[251 254 255],[252 255 255],[252 255 255],[252 255 255],[251 254 254],[242 246 246],[234 237 238],[215 219 220],[190 194 195],[164 168 169],[148 152 153],[132 136 137],[132 136 137],[150 154 155],[169 173 174],[199 203 204],[229 233 234],[249 252 253],[249 252 253]
[175 179 180],[198 202 203],[216 220 221],[228 232 233],[240 244 245],[234 238 239],[227 231 232],[225 229 230],[230 234 235],[234 238 239],[241 244 245],[247 250 251],[251 254 254],[248 251 252],[244 248 249],[244 248 249],[246 250 251],[247 251 252],[247 251 252],[247 251 252],[247 251 252],[247 251 252],[247 251 252],[247 251 252],[247 251 252],[247 251 252],[247 251 252],[247 251 252],[247 251 252],[247 251 252],[247 251 252],[247 251 252],[247 251 252],[247 251 252],[247 251 252],[247 251 252],[247 251 252],[248 252 253],[248 252 253],[248 252 253],[248 252 253],[248 252 253],[248 252 253],[248 252 253],[248 252 253],[248 252 253],[248 252 253],[248 252 253],[248 252 253],[248 252 253],[248 252 253],[248 252 253],[248 252 253],[248 252 253],[248 252 253],[248 252 253],[249 253 254],[249 253 254],[250 254 255],[251 254 255],[252 255 255],[252 255 255],[252 255 255],[251 254 254],[242 246 246],[234 237 238],[215 219 220],[190 194 195],[164 168 169],[148 152 153],[132 136 137],[132 136 137],[150 154 155],[169 173 174],[199 203 204],[229 233 234],[249 252 253],[247 250 251]
[167 171 172],[189 193 194],[206 210 211],[216 220 221],[226 230 231],[219 223 224],[211 215 216],[208 212 213],[213 217 218],[217 221 222],[225 228 229],[233 236 237],[237 240 241],[233 236 237],[228 232 233],[228 232 233],[230 234 235],[231 235 236],[231 235 236],[231 235 236],[231 235 236],[231 235 236],[231 235 236],[231 235 236],[231 235 236],[231 235 236],[231 235 236],[231 235 236],[231 235 236],[231 235 236],[231 235 236],[231 235 236],[231 235 236],[231 235 236],[231 235 236],[232 236 237],[233 237 238],[234 238 239],[234 238 239],[234 238 239],[234 238 239],[234 238 239],[234 238 239],[234 238 239],[234 238 239],[234 238 239],[234 238 239],[234 238 239],[234 238 239],[234 238 239],[234 238 239],[234 238 239],[234 238 239],[234 238 239],[234 238 239],[234 238 239],[236 240 241],[237 241 242],[238 242 243],[239 242 243],[240 243 243],[240 243 244],[240 244 244],[240 243 244],[230 234 235],[222 225 226],[203 207 208],[178 182 183],[152 156 157],[136 140 141],[120 124 125],[120 124 125],[138 142 143],[156 160 161],[186 190 191],[217 221 222],[237 240 241],[237 240 241]
[159 163 164],[181 185 186],[195 199 200],[204 208 209],[212 216 217],[204 208 209],[195 199 200],[191 195 196],[196 200 201],[200 204 205],[209 212 213],[219 222 223],[223 227 228],[218 222 223],[212 216 217],[212 216 217],[214 218 219],[216 220 221],[216 220 221],[216 220 221],[216 220 221],[216 220 221],[216 220 221],[216 220 221],[216 220 221],[216 220 221],[216 220 221],[216 220 221],[216 220 221],[216 220 221],[216 220 221],[216 220 221],[216 220 221],[216 220 221],[216 220 221],[217 221 222],[219 223 224],[220 224 225],[221 225 226],[221 225 226],[221 225 226],[221 225 226],[221 225 226],[221 225 226],[221 225 226],[221 225 226],[221 225 226],[221 225 226],[221 225 226],[221 225 226],[221 225 226],[221 225 226],[221 225 226],[221 225 226],[221 225 226],[221 225 226],[223 227 228],[225 229 230],[226 230 231],[227 230 231],[228 231 232],[228 232 233],[229 233 234],[229 233 233],[219 223 224],[210 213 214],[191 195 196],[166 170 171],[140 144 145],[124 128 129],[108 112 113],[108 112 113],[126 130 131],[144 148 149],[174 178 179],[205 209 210],[225 229 230],[228 231 232]
[153 157 158],[169 173 174],[179 183 184],[184 188 189],[189 193 194],[183 187 188],[177 181 182],[175 179 180],[180 184 185],[184 188 189],[191 195 196],[200 204 205],[204 208 209],[201 205 206],[196 200 201],[195 199 200],[196 200 201],[196 200 201],[197 201 202],[198 202 203],[199 203 204],[201 205 206],[202 206 207],[204 208 209],[205 209 210],[206 210 211],[207 211 212],[209 213 214],[209 213 214],[210 214 215],[211 215 216],[211 215 216],[211 215 216],[211 215 216],[211 215 216],[213 217 218],[215 219 220],[218 222 223],[219 223 224],[219 223 224],[219 223 224],[219 223 224],[219 223 224],[219 223 224],[219 223 224],[219 223 224],[219 223 224],[219 223 224],[219 223 224],[219 223 224],[219 223 224],[219 223 224],[219 223 224],[219 223 224],[219 223 224],[219 223 224],[220 224 225],[220 224 225],[220 224 225],[223 227 228],[226 230 231],[227 231 232],[228 232 233],[228 232 233],[219 223 224],[210 214 215],[192 196 197],[167 171 172],[143 147 148],[128 132 133],[113 117 118],[113 117 118],[129 133 134],[145 149 150],[171 175 176],[198 202 203],[217 221 222],[224 227 228]
[148 152 153],[153 157 158],[155 159 160],[154 158 159],[153 157 158],[155 159 160],[157 161 162],[160 164 165],[165 169 170],[169 173 174],[173 177 178],[176 180 181],[179 183 184],[180 184 185],[181 185 186],[178 182 183],[174 178 179],[171 175 176],[173 177 178],[176 180 181],[180 184 185],[185 189 190],[189 193 194],[194 198 199],[198 202 203],[202 206 207],[206 210 211],[210 214 215],[213 217 218],[215 219 220],[217 221 222],[217 221 222],[218 222 223],[218 222 223],[219 223 224],[220 224 225],[224 228 229],[228 232 233],[230 234 235],[230 234 235],[230 234 235],[230 234 235],[230 234 235],[230 234 235],[230 234 235],[230 234 235],[230 234 235],[230 234 235],[230 234 235],[230 234 235],[230 234 235],[230 234 235],[230 234 235],[230 234 235],[230 234 235],[230 234 235],[227 231 232],[224 228 229],[223 227 228],[230 234 234],[237 240 241],[239 243 243],[240 243 243],[239 242 243],[232 236 237],[225 229 230],[209 213 214],[186 190 191],[163 167 168],[151 155 156],[139 143 144],[138 142 143],[149 153 154],[161 165 166],[178 182 183],[197 201 202],[213 217 218],[226 228 230]
[143 147 148],[138 142 143],[131 135 136],[125 129 130],[118 122 123],[127 131 132],[137 141 142],[145 149 150],[150 154 155],[154 158 159],[154 158 159],[152 156 157],[154 158 159],[160 164 165],[166 170 171],[162 166 167],[152 156 157],[146 150 151],[149 153 154],[154 158 159],[161 165 166],[169 173 174],[175 179 180],[184 188 189],[192 196 197],[198 202 203],[205 209 210],[212 216 217],[216 220 221],[220 224 225],[222 226 227],[223 227 228],[225 229 230],[225 229 230],[226 230 231],[228 232 233],[233 237 238],[239 243 244],[241 245 246],[241 245 246],[241 245 246],[241 245 246],[241 245 246],[241 245 246],[241 245 246],[241 245 246],[241 245 246],[241 245 246],[241 245 246],[241 245 246],[241 245 246],[241 245 246],[241 245 246],[241 245 246],[241 245 246],[241 245 246],[235 239 240],[229 233 234],[226 230 231],[236 240 240],[248 251 251],[251 254 254],[251 254 254],[250 253 253],[246 249 250],[240 244 245],[226 230 231],[204 208 209],[184 188 189],[175 179 180],[165 169 170],[163 167 168],[170 174 175],[177 181 182],[186 190 191],[196 200 201],[209 212 214],[228 230 232]
[131 135 136],[126 130 131],[119 123 124],[112 116 117],[104 108 109],[113 117 118],[124 128 129],[132 136 137],[136 140 141],[139 143 144],[137 141 142],[135 139 140],[135 139 140],[141 145 146],[148 152 153],[143 147 148],[133 137 138],[126 130 131],[130 134 135],[134 138 139],[139 143 144],[146 150 151],[151 155 156],[158 162 163],[164 168 169],[169 173 174],[174 178 179],[178 182 183],[180 184 185],[182 186 187],[184 188 189],[183 187 188],[183 187 188],[183 187 188],[183 187 188],[184 188 189],[188 192 193],[192 196 197],[194 198 199],[194 198 199],[194 198 199],[194 198 199],[194 198 199],[194 198 199],[194 198 199],[194 198 199],[194 198 199],[194 198 199],[194 198 199],[194 198 199],[194 198 199],[194 198 199],[194 198 199],[194 198 199],[194 198 199],[194 198 199],[190 194 195],[184 188 189],[182 186 187],[192 196 196],[202 205 206],[206 209 210],[208 211 211],[208 212 212],[205 208 209],[201 205 206],[191 195 196],[175 179 180],[161 165 166],[156 160 161],[150 154 155],[149 153 154],[155 159 160],[162 166 167],[168 172 173],[176 180 181],[186 190 191],[202 204 206]
[120 124 125],[114 118 119],[108 112 113],[100 104 105],[92 96 97],[102 106 107],[111 115 116],[119 123 124],[122 126 127],[124 128 129],[121 125 126],[117 121 122],[117 121 122],[122 126 127],[129 133 134],[124 128 129],[115 119 120],[107 111 112],[111 115 116],[113 117 118],[117 121 122],[122 126 127],[126 130 131],[130 134 135],[134 138 139],[136 140 141],[139 143 144],[141 145 146],[141 145 146],[141 145 146],[140 144 145],[138 142 143],[136 140 141],[135 139 140],[134 138 139],[135 139 140],[137 141 142],[140 144 145],[141 145 146],[141 145 146],[141 145 146],[141 145 146],[141 145 146],[141 145 146],[141 145 146],[141 145 146],[141 145 146],[141 145 146],[141 145 146],[141 145 146],[141 145 146],[141 145 146],[141 145 146],[141 145 146],[141 145 146],[141 145 146],[138 142 143],[134 138 139],[133 137 138],[141 145 146],[149 153 154],[155 158 159],[158 162 163],[161 165 166],[159 162 163],[156 160 161],[150 154 155],[141 145 146],[133 137 138],[132 136 137],[130 134 135],[131 135 136],[137 141 142],[143 147 148],[148 152 153],[154 158 159],[161 165 166],[172 175 176]
[125 129 130],[121 125 126],[115 119 120],[107 111 112],[ 99 103 104],[108 112 113],[117 121 122],[123 127 128],[125 129 130],[126 130 131],[122 126 127],[118 122 123],[116 120 121],[121 125 126],[127 131 132],[123 127 128],[113 117 118],[104 108 109],[107 111 112],[109 113 114],[111 115 116],[114 118 119],[116 120 121],[118 122 123],[120 124 125],[121 125 126],[121 125 126],[121 125 126],[119 123 124],[117 121 122],[114 118 119],[111 115 116],[108 112 113],[107 111 112],[105 109 110],[104 108 109],[105 109 110],[107 111 112],[108 112 113],[108 112 113],[108 112 113],[108 112 113],[108 112 113],[108 112 113],[108 112 113],[108 112 113],[108 112 113],[108 112 113],[108 112 113],[108 112 113],[108 112 113],[108 112 113],[108 112 113],[108 112 113],[108 112 113],[108 112 113],[106 110 111],[104 108 109],[104 108 109],[109 113 114],[115 119 120],[119 123 124],[123 127 128],[127 131 132],[125 129 130],[123 127 128],[121 125 126],[118 122 123],[115 119 120],[116 120 121],[117 121 122],[118 122 123],[123 127 128],[127 131 132],[130 134 135],[134 138 139],[140 144 145],[148 151 152]
[164 168 169],[161 165 166],[156 160 161],[149 153 154],[141 145 146],[149 153 154],[157 161 162],[162 166 167],[162 166 167],[163 167 168],[158 162 163],[152 156 157],[150 154 155],[155 159 160],[160 164 165],[153 157 158],[141 145 146],[131 135 136],[133 137 138],[134 138 139],[135 139 140],[136 140 141],[138 142 143],[138 142 143],[139 143 144],[138 142 143],[136 140 141],[134 138 139],[132 136 137],[128 132 133],[125 129 130],[121 125 126],[117 121 122],[115 119 120],[112 116 117],[111 115 116],[112 116 117],[112 116 117],[113 117 118],[113 117 118],[113 117 118],[113 117 118],[113 117 118],[113 117 118],[113 117 118],[113 117 118],[113 117 118],[113 117 118],[113 117 118],[113 117 118],[113 117 118],[113 117 118],[113 117 118],[113 117 118],[113 117 118],[113 117 118],[112 116 117],[111 115 116],[111 115 116],[112 116 117],[113 117 118],[115 119 120],[116 120 121],[116 120 121],[116 120 121],[116 120 121],[116 120 121],[116 120 121],[116 120 121],[116 120 121],[116 120 121],[117 121 122],[118 122 123],[119 123 124],[120 124 125],[121 125 126],[125 129 130],[133 136 137]
[203 207 208],[201 205 206],[197 201 202],[190 194 195],[183 187 188],[190 194 195],[197 201 202],[202 206 207],[200 204 205],[199 203 204],[193 197 198],[187 191 192],[183 187 188],[188 192 193],[193 197 198],[184 188 189],[170 174 175],[158 162 163],[158 162 163],[159 163 164],[159 163 164],[159 163 164],[159 163 164],[158 162 163],[157 161 162],[154 158 159],[152 156 157],[148 152 153],[144 148 149],[140 144 145],[135 139 140],[131 135 136],[126 130 131],[123 127 128],[120 124 125],[118 122 123],[119 123 124],[118 122 123],[118 122 123],[118 122 123],[118 122 123],[118 122 123],[118 122 123],[118 122 123],[118 122 123],[118 122 123],[118 122 123],[118 122 123],[118 122 123],[118 122 123],[118 122 123],[118 122 123],[118 122 123],[118 122 123],[118 122 123],[118 122 123],[119 123 124],[118 122 123],[118 122 123],[115 119 120],[112 116 117],[110 114 115],[108 112 113],[106 110 111],[108 112 113],[109 113 114],[111 115 116],[114 118 119],[116 120 121],[116 120 121],[116 120 121],[115 119 120],[113 117 118],[111 115 116],[109 113 114],[107 111 112],[109 113 114],[118 120 122]
[223 227 227],[223 226 227],[219 223 224],[214 217 218],[208 212 213],[213 217 218],[219 223 224],[223 227 227],[221 225 226],[221 224 225],[214 218 219],[207 211 212],[203 207 208],[208 212 213],[213 217 218],[208 212 212],[198 202 203],[191 195 195],[191 195 195],[191 195 195],[191 195 195],[191 195 195],[191 195 195],[190 193 194],[189 193 193],[187 190 191],[184 188 189],[182 186 186],[178 182 183],[174 178 179],[170 174 175],[166 170 171],[162 166 167],[160 164 165],[157 161 162],[155 159 160],[155 159 160],[154 158 159],[154 158 159],[154 158 159],[154 158 159],[154 158 159],[154 158 159],[154 158 159],[154 158 159],[154 158 159],[154 158 159],[154 158 159],[154 158 159],[154 158 159],[154 158 159],[154 158 159],[154 158 159],[154 158 159],[154 158 159],[154 158 159],[155 159 160],[156 160 161],[155 159 160],[150 154 155],[144 148 149],[141 145 146],[137 141 142],[134 138 139],[135 139 140],[135 139 140],[137 141 142],[139 143 144],[140 144 145],[138 142 143],[136 140 141],[134 138 139],[130 134 135],[126 130 131],[124 128 129],[121 125 126],[123 127 128],[133 135 137]
[237 241 242],[239 242 242],[237 240 241],[232 236 237],[228 232 233],[232 236 237],[237 240 240],[239 243 243],[239 242 242],[238 242 242],[232 236 236],[224 228 228],[219 223 224],[224 228 229],[229 233 234],[229 233 233],[227 230 230],[225 229 229],[225 229 229],[225 229 229],[225 229 229],[225 229 229],[225 229 229],[225 228 228],[224 228 228],[224 227 227],[222 226 226],[221 225 225],[218 222 222],[214 218 219],[212 216 217],[209 213 214],[205 209 210],[204 208 209],[201 205 206],[200 204 205],[200 204 205],[199 203 204],[199 203 204],[199 203 204],[199 203 204],[199 203 204],[199 203 204],[199 203 204],[199 203 204],[199 203 204],[199 203 204],[199 203 204],[199 203 204],[199 203 204],[199 203 204],[199 203 204],[199 203 204],[199 203 204],[199 203 204],[199 203 204],[200 204 205],[201 205 206],[200 204 205],[193 197 198],[186 190 191],[181 185 186],[176 180 181],[172 176 177],[172 176 177],[172 176 177],[172 176 177],[172 176 177],[172 176 177],[167 171 172],[162 166 167],[158 162 163],[152 156 157],[147 151 152],[145 149 150],[143 147 148],[146 149 150],[155 157 159]
[248 252 252],[250 253 253],[249 252 253],[246 249 250],[242 246 247],[246 250 251],[250 253 253],[252 255 255],[252 255 255],[252 255 255],[245 249 249],[237 241 241],[232 236 237],[236 240 241],[241 245 246],[245 249 249],[248 251 251],[251 254 254],[251 254 254],[251 254 254],[251 254 254],[251 255 255],[252 255 255],[252 255 255],[252 255 255],[252 255 255],[251 255 255],[251 255 255],[249 253 253],[247 250 251],[245 249 250],[243 247 248],[240 244 245],[239 243 244],[237 241 242],[236 240 241],[236 240 241],[236 239 240],[236 239 240],[236 239 240],[236 239 240],[236 239 240],[236 239 240],[236 239 240],[236 239 240],[236 239 240],[236 239 240],[236 239 240],[236 239 240],[236 239 240],[236 239 240],[236 239 240],[236 239 240],[236 239 240],[236 239 240],[236 239 240],[236 240 241],[237 241 242],[236 240 241],[229 233 234],[221 225 226],[215 219 220],[210 214 215],[205 209 210],[205 209 210],[205 208 209],[203 207 208],[202 206 207],[200 204 205],[193 197 198],[186 190 191],[180 184 185],[175 179 180],[169 173 174],[168 172 173],[167 171 172],[170 173 174],[180 182 184]
[241 245 245],[245 249 249],[246 250 251],[243 247 248],[240 244 245],[245 248 249],[249 253 253],[252 255 255],[251 254 254],[250 253 254],[243 247 248],[235 239 240],[231 235 236],[235 239 240],[241 245 246],[243 247 248],[245 249 249],[247 250 251],[247 251 251],[248 251 252],[248 252 252],[249 253 253],[250 253 254],[251 254 254],[251 255 255],[252 255 255],[251 255 255],[251 255 255],[250 254 254],[249 252 253],[248 251 252],[247 250 251],[245 249 249],[245 248 249],[244 247 248],[243 247 247],[243 247 247],[243 246 247],[243 246 247],[243 246 247],[243 246 247],[243 246 247],[243 246 247],[243 246 247],[243 246 247],[243 246 247],[243 246 247],[243 246 247],[243 246 247],[243 246 247],[243 246 247],[243 246 247],[243 246 247],[243 246 247],[243 246 247],[243 246 247],[243 247 247],[244 247 248],[243 247 247],[238 242 243],[233 237 238],[230 234 235],[228 231 232],[225 229 229],[225 229 229],[225 228 229],[223 227 228],[221 225 226],[219 223 224],[211 215 216],[203 207 208],[198 202 203],[195 199 200],[192 196 197],[195 199 200],[198 202 203],[203 206 207],[209 211 213]
[234 238 239],[241 244 245],[243 247 248],[240 244 245],[238 242 243],[243 247 248],[248 252 252],[251 254 255],[249 253 253],[248 252 252],[242 246 246],[234 238 238],[229 233 234],[234 238 239],[240 244 245],[242 246 246],[242 246 247],[242 246 247],[243 247 248],[244 248 249],[245 249 250],[247 251 252],[248 252 252],[249 253 253],[250 254 254],[251 255 255],[252 255 255],[252 255 255],[252 255 255],[251 254 254],[251 254 254],[251 254 254],[250 253 254],[250 253 253],[250 253 253],[250 253 253],[250 253 253],[250 253 253],[250 253 253],[250 253 253],[250 253 253],[250 253 253],[250 253 253],[250 253 253],[250 253 253],[250 253 253],[250 253 253],[250 253 253],[250 253 253],[250 253 253],[250 253 253],[250 253 253],[250 253 253],[250 253 253],[250 253 253],[250 253 253],[250 253 253],[250 253 253],[250 253 253],[248 251 252],[245 249 250],[245 249 249],[245 248 249],[245 248 249],[245 248 249],[245 248 248],[243 246 247],[241 245 245],[238 242 243],[228 232 233],[219 223 224],[215 219 220],[215 219 220],[215 219 220],[222 226 227],[230 234 235],[235 238 240],[238 241 242]
[235 239 240],[242 246 246],[245 248 249],[242 246 247],[241 245 245],[245 248 249],[249 253 253],[251 254 255],[250 254 254],[248 252 253],[244 248 248],[238 241 242],[234 238 239],[238 242 243],[243 247 248],[243 247 248],[242 246 247],[241 245 246],[241 245 246],[242 246 247],[243 247 248],[245 249 250],[245 249 250],[247 251 251],[248 252 252],[249 253 253],[250 253 253],[250 253 253],[250 253 254],[250 254 254],[250 254 254],[251 254 254],[251 254 254],[251 254 254],[251 254 254],[251 254 254],[250 254 254],[250 253 253],[250 253 253],[250 253 253],[250 253 253],[250 253 253],[250 253 253],[250 253 253],[250 253 253],[250 253 253],[250 253 253],[250 253 253],[250 253 253],[250 253 253],[250 253 253],[250 253 253],[250 253 253],[250 253 253],[250 253 253],[250 253 253],[250 253 254],[251 254 254],[251 254 254],[250 253 254],[248 252 253],[249 253 253],[251 254 255],[252 255 255],[252 255 255],[252 255 255],[250 253 253],[246 250 250],[243 247 248],[231 235 236],[221 225 226],[217 221 222],[219 223 224],[221 225 226],[230 234 235],[241 245 246],[248 251 252],[249 252 253]
[240 244 245],[246 250 250],[249 252 252],[247 251 251],[247 250 250],[249 252 252],[251 254 254],[252 255 255],[251 254 254],[250 254 254],[248 252 252],[245 248 249],[243 247 248],[245 248 249],[248 251 252],[246 250 250],[243 247 247],[240 244 245],[241 245 246],[241 245 246],[241 245 246],[243 247 248],[243 247 248],[244 248 248],[245 249 249],[245 249 250],[246 250 250],[247 250 251],[247 251 252],[248 252 252],[248 252 252],[249 252 253],[249 252 253],[249 252 253],[249 253 254],[249 253 254],[248 252 252],[247 250 251],[247 250 251],[247 250 251],[247 250 251],[247 250 251],[247 250 251],[247 250 251],[247 250 251],[247 250 251],[247 250 251],[247 250 251],[247 250 251],[247 250 251],[247 250 251],[247 250 251],[247 250 251],[247 250 251],[247 250 251],[247 250 251],[247 251 252],[249 252 253],[249 253 254],[248 252 253],[247 251 252],[249 252 253],[250 253 254],[252 255 255],[252 255 255],[252 255 255],[249 252 253],[245 249 249],[241 245 246],[227 231 232],[215 219 220],[211 215 216],[215 219 220],[218 222 223],[230 234 234],[242 245 246],[250 253 254],[251 254 254]
[244 248 249],[249 253 253],[252 255 255],[252 255 255],[252 255 255],[252 255 255],[252 255 255],[252 255 255],[252 255 255],[252 255 255],[251 255 255],[250 253 254],[249 253 254],[251 254 255],[252 255 255],[249 252 252],[244 248 248],[241 244 245],[241 244 245],[241 244 245],[241 244 245],[241 245 246],[241 245 246],[241 245 246],[242 246 247],[242 246 247],[243 247 248],[244 248 249],[245 249 250],[246 250 251],[246 250 251],[247 251 252],[247 251 252],[247 251 252],[248 252 253],[248 252 253],[246 250 251],[244 248 249],[244 248 249],[244 248 249],[244 248 249],[244 248 249],[244 248 249],[244 248 249],[244 248 249],[244 248 249],[244 248 249],[244 248 249],[244 248 249],[244 248 249],[244 248 249],[244 248 249],[244 248 249],[244 248 249],[244 248 249],[244 248 249],[245 249 250],[247 251 252],[248 252 253],[247 251 252],[246 250 251],[248 251 252],[250 253 254],[252 255 255],[252 255 255],[252 255 255],[249 252 252],[244 248 248],[239 243 244],[224 228 229],[210 214 215],[204 208 209],[210 214 215],[215 219 220],[228 232 232],[242 246 247],[252 255 255],[253 255 255]
[242 246 246],[249 252 252],[251 254 255],[250 253 253],[248 252 252],[249 253 253],[251 254 254],[252 255 255],[250 254 254],[249 252 253],[247 251 251],[245 248 249],[243 247 248],[247 250 251],[251 254 254],[250 253 253],[247 251 251],[245 249 249],[245 249 249],[245 249 249],[245 249 249],[246 249 250],[246 249 250],[246 249 250],[246 250 250],[246 250 250],[247 250 251],[247 251 252],[248 252 252],[249 252 253],[249 252 253],[249 253 253],[249 253 253],[249 253 253],[250 253 254],[250 253 254],[249 252 253],[247 251 252],[247 251 252],[247 251 252],[247 251 252],[247 251 252],[247 251 252],[247 251 252],[247 251 252],[247 251 252],[247 251 252],[247 251 252],[247 251 252],[247 251 252],[247 251 252],[247 251 252],[247 251 252],[247 251 252],[247 251 252],[247 251 252],[248 252 252],[249 253 253],[250 253 254],[249 253 253],[248 252 253],[249 253 253],[251 254 254],[252 255 255],[252 255 255],[252 255 255],[249 252 252],[244 247 248],[238 242 243],[222 226 227],[206 210 211],[200 204 205],[205 209 210],[209 213 214],[223 227 227],[238 241 242],[248 252 252],[250 252 253]
[240 244 244],[248 251 251],[250 253 254],[248 251 252],[245 248 249],[247 251 252],[250 253 253],[251 254 254],[249 253 253],[246 250 251],[243 247 248],[239 242 243],[237 241 242],[244 247 248],[250 253 253],[251 254 254],[251 254 254],[250 253 253],[250 253 253],[250 253 253],[250 253 253],[250 253 253],[250 253 253],[250 253 253],[250 253 254],[250 253 254],[250 254 254],[251 254 254],[251 254 254],[251 254 254],[251 254 254],[251 254 254],[251 254 254],[251 254 254],[251 254 255],[251 254 255],[251 254 254],[251 254 254],[251 254 254],[251 254 254],[251 254 254],[251 254 254],[251 254 254],[251 254 254],[251 254 254],[251 254 254],[251 254 254],[251 254 254],[251 254 254],[251 254 254],[251 254 254],[251 254 254],[251 254 254],[251 254 254],[251 254 254],[251 254 254],[251 254 254],[251 254 254],[251 254 255],[251 254 254],[250 254 254],[250 254 254],[252 255 255],[252 255 255],[252 255 255],[252 255 255],[249 252 252],[243 246 247],[237 241 242],[220 224 225],[203 207 208],[195 199 200],[199 203 204],[202 206 207],[217 221 222],[233 237 238],[245 248 249],[248 250 252]
[241 245 246],[249 252 252],[250 253 254],[248 251 252],[245 249 250],[247 251 252],[250 253 253],[251 254 254],[249 252 253],[246 250 251],[242 246 247],[238 241 242],[236 239 240],[243 246 247],[250 253 253],[252 255 255],[252 255 255],[252 255 254],[252 255 254],[252 254 254],[252 254 254],[251 254 254],[251 254 254],[251 254 254],[251 254 254],[251 254 254],[251 254 254],[251 254 254],[252 254 255],[252 254 255],[252 255 255],[252 255 255],[252 255 255],[252 255 255],[252 255 255],[252 255 255],[252 255 255],[251 254 254],[251 254 254],[251 254 254],[251 254 254],[251 254 254],[251 254 254],[251 254 254],[251 254 254],[251 254 254],[251 254 254],[251 254 254],[251 254 254],[251 254 254],[251 254 254],[251 254 254],[251 254 254],[251 254 254],[251 254 254],[251 254 254],[252 254 254],[252 255 255],[252 255 255],[250 253 253],[248 252 252],[248 252 252],[249 252 252],[249 253 253],[250 253 254],[251 255 255],[249 252 253],[244 248 249],[238 243 244],[222 226 228],[205 209 211],[197 201 203],[200 204 206],[202 207 209],[218 222 223],[233 238 239],[245 249 250],[248 250 252]
[246 250 250],[250 253 253],[251 254 255],[249 253 253],[248 252 252],[249 253 253],[251 254 254],[252 255 255],[250 253 254],[248 252 253],[245 248 249],[240 243 244],[238 240 242],[245 247 248],[251 253 254],[253 254 254],[252 254 254],[251 254 253],[251 254 253],[251 253 253],[251 253 253],[250 253 252],[250 252 251],[250 252 251],[250 252 251],[250 252 252],[250 252 253],[250 252 253],[251 253 254],[251 253 254],[252 254 255],[253 254 255],[253 255 255],[253 255 255],[253 255 255],[251 255 255],[251 254 254],[250 253 253],[249 253 253],[249 253 253],[249 253 253],[249 253 253],[249 253 253],[249 253 253],[250 252 253],[250 252 253],[250 252 253],[250 253 252],[250 253 252],[250 253 252],[250 253 252],[250 253 252],[250 253 252],[250 253 252],[250 253 252],[250 253 252],[251 253 253],[253 254 254],[252 254 254],[247 250 250],[241 245 246],[241 245 246],[243 247 247],[245 248 249],[247 251 251],[250 254 254],[250 253 254],[247 250 252],[243 247 249],[227 231 234],[211 216 219],[205 209 212],[206 212 214],[209 215 217],[223 229 230],[238 242 243],[248 252 252],[251 253 253]
[250 254 255],[251 255 255],[251 255 255],[251 255 255],[251 255 255],[251 255 255],[252 255 255],[252 255 255],[251 254 255],[250 254 255],[247 250 251],[243 245 246],[241 242 244],[247 248 249],[252 253 254],[253 254 254],[252 254 253],[251 253 252],[251 253 252],[250 252 251],[250 252 251],[249 251 250],[248 250 249],[248 250 249],[248 250 249],[248 250 250],[249 250 251],[249 250 252],[250 251 253],[251 252 254],[252 253 255],[253 254 255],[254 255 255],[253 255 255],[253 255 255],[251 255 255],[250 253 254],[248 251 252],[247 251 252],[247 251 252],[247 251 252],[247 251 252],[247 251 252],[247 251 252],[248 250 252],[249 250 252],[249 250 251],[249 251 250],[249 251 250],[249 251 250],[249 251 250],[249 251 250],[249 251 250],[249 251 250],[249 251 250],[249 251 250],[251 252 252],[253 254 254],[252 253 253],[244 246 247],[235 239 240],[235 239 240],[237 241 242],[240 244 245],[244 248 249],[249 253 253],[250 254 255],[249 253 255],[247 252 255],[232 237 241],[218 223 227],[212 217 221],[213 220 223],[215 223 226],[228 235 236],[242 247 248],[251 255 255],[253 255 255]
[247 252 255],[249 254 255],[249 254 255],[248 253 255],[246 251 254],[248 253 255],[250 254 255],[252 255 255],[252 254 255],[252 254 255],[249 251 252],[246 247 248],[244 245 246],[249 250 250],[253 253 254],[254 254 254],[253 254 253],[253 253 252],[253 253 252],[252 252 251],[252 252 251],[251 252 251],[251 251 250],[251 251 250],[251 252 250],[251 252 251],[251 251 252],[251 251 253],[252 252 253],[252 253 254],[253 253 255],[253 254 255],[254 255 255],[253 255 255],[253 255 255],[252 255 255],[251 253 254],[250 252 253],[249 252 253],[249 252 253],[249 252 253],[249 252 253],[249 253 253],[249 253 253],[250 252 253],[251 252 253],[251 252 252],[251 252 251],[251 252 251],[251 252 251],[251 252 251],[251 252 251],[251 252 251],[251 252 251],[251 252 251],[251 252 251],[252 253 252],[253 254 253],[252 253 252],[247 249 249],[242 245 246],[242 244 245],[241 245 246],[242 246 248],[245 250 251],[248 253 254],[249 254 255],[249 254 255],[247 253 255],[232 238 242],[217 223 229],[209 216 222],[207 216 221],[206 216 221],[222 230 233],[239 245 247],[250 255 255],[251 255 255]
[255 255 255],[255 255 255],[255 255 255],[255 255 255],[255 255 255],[255 255 255],[255 255 255],[255 255 255],[255 255 255],[255 255 255],[255 255 255],[255 255 255],[255 255 255],[255 255 255],[255 255 255],[255 255 255],[255 255 255],[255 255 255],[255 255 255],[255 255 255],[255 255 255],[255 255 255],[255 255 255],[255 255 255],[255 255 255],[255 255 255],[255 255 255],[255 255 255],[255 255 255],[255 255 255],[255 255 255],[255 255 255],[255 255 255],[255 255 255],[255 255 255],[255 255 255],[255 255 255],[255 255 255],[255 255 255],[255 255 255],[255 255 255],[255 255 255],[255 255 255],[255 255 255],[255 255 255],[255 255 255],[255 255 255],[255 255 255],[255 255 255],[255 255 255],[255 255 255],[255 255 255],[255 255 255],[255 255 255],[255 255 255],[255 255 255],[255 255 255],[255 255 255],[255 255 255],[255 255 255],[255 255 255],[255 255 255],[255 255 255],[255 255 255],[255 255 255],[255 255 255],[255 255 255],[255 255 255],[255 255 255],[255 255 255],[255 255 255],[255 255 255],[255 255 255],[255 255 255],[255 255 255],[255 255 255],[255 255 255],[255 255 255]
